title,video_id,video_description,published_date,extraction_date,likes,views,comment,thumbnail
VASCO x FLAMENGO  | FINAL COPA RIO SUB17 - JOGO 2 | AO VIVO,dG8008brg6I,"Inscreva-se na #VascoTV.

Seja um SÃ³cio Gigante: http://sociogigante.com

Siga o Vasco nas redes sociais:

ğ•€ğ•Ÿğ•¤ğ•¥ğ•’ğ•˜ğ•£ğ•’ğ•: https://www.instagram.com/vascodagama
ğ•‹ğ•šğ•œğ•‹ğ• ğ•œ: https://www.tiktok.com/@vasco
ğ•‹ğ•¨ğ•šğ•¥ğ•¥ğ•–ğ•£: https://twitter.com/VascodaGama
ğ”½ğ•’ğ•”ğ•–ğ•“ğ• ğ• ğ•œ: https://www.facebook.com/VascodaGama

#Vasco",2024-06-17T20:41:11Z,2024-06-18 18:06:34.827449,5182,108648,118,"{'default': {'url': 'https://i.ytimg.com/vi/dG8008brg6I/default.jpg', 'width': 120, 'height': 90}, 'medium': {'url': 'https://i.ytimg.com/vi/dG8008brg6I/mqdefault.jpg', 'width': 320, 'height': 180}, 'high': {'url': 'https://i.ytimg.com/vi/dG8008brg6I/hqdefault.jpg', 'width': 480, 'height': 360}, 'standard': {'url': 'https://i.ytimg.com/vi/dG8008brg6I/sddefault.jpg', 'width': 640, 'height': 480}, 'maxres': {'url': 'https://i.ytimg.com/vi/dG8008brg6I/maxresdefault.jpg', 'width': 1280, 'height': 720}}"
TREINO 17.6 | VASCOTV,t900-371Kyc,"Fechado com o VascÃ£o? Vem com a Betfair! BÃ´nus de atÃ© R$300 pra vocÃª comeÃ§ar com tudo! ğŸ’¢

â¡ï¸ https://promotions.betfair.com/prs/sports-br-vasco-r300-zbivas
 
âš ï¸ 18+. Jogue com responsabilidade. T&Cs se aplicam.

______________

Inscreva-se na #VascoTV.

Seja um SÃ³cio Gigante: http://sociogigante.com

Siga o Vasco nas redes sociais:

ğ•€ğ•Ÿğ•¤ğ•¥ğ•’ğ•˜ğ•£ğ•’ğ•: https://www.instagram.com/vascodagama
ğ•‹ğ•šğ•œğ•‹ğ• ğ•œ: https://www.tiktok.com/@vasco
ğ•‹ğ•¨ğ•šğ•¥ğ•¥ğ•–ğ•£: https://twitter.com/VascodaGama
ğ”½ğ•’ğ•”ğ•–ğ•“ğ• ğ• ğ•œ: https://www.facebook.com/VascodaGama

#Vasco",2024-06-17T19:10:58Z,2024-06-18 18:06:34.827449,1104,9424,110,"{'default': {'url': 'https://i.ytimg.com/vi/t900-371Kyc/default.jpg', 'width': 120, 'height': 90}, 'medium': {'url': 'https://i.ytimg.com/vi/t900-371Kyc/mqdefault.jpg', 'width': 320, 'height': 180}, 'high': {'url': 'https://i.ytimg.com/vi/t900-371Kyc/hqdefault.jpg', 'width': 480, 'height': 360}, 'standard': {'url': 'https://i.ytimg.com/vi/t900-371Kyc/sddefault.jpg', 'width': 640, 'height': 480}, 'maxres': {'url': 'https://i.ytimg.com/vi/t900-371Kyc/maxresdefault.jpg', 'width': 1280, 'height': 720}}"
BASTIDORES VASCO CAMPEÃƒO COPA RIO SUB -15 | VASCOTV,4OOue6HJyxY,"Inscreva-se na #VascoTV.

Seja um SÃ³cio Gigante: http://sociogigante.com

Siga o Vasco nas redes sociais:

ğ•€ğ•Ÿğ•¤ğ•¥ğ•’ğ•˜ğ•£ğ•’ğ•: https://www.instagram.com/vascodagama
ğ•‹ğ•šğ•œğ•‹ğ• ğ•œ: https://www.tiktok.com/@vasco
ğ•‹ğ•¨ğ•šğ•¥ğ•¥ğ•–ğ•£: https://twitter.com/VascodaGama
ğ”½ğ•’ğ•”ğ•–ğ•“ğ• ğ• ğ•œ: https://www.facebook.com/VascodaGama

#Vasco",2024-06-17T12:10:31Z,2024-06-18 18:06:34.827449,543,3761,29,"{'default': {'url': 'https://i.ytimg.com/vi/4OOue6HJyxY/default.jpg', 'width': 120, 'height': 90}, 'medium': {'url': 'https://i.ytimg.com/vi/4OOue6HJyxY/mqdefault.jpg', 'width': 320, 'height': 180}, 'high': {'url': 'https://i.ytimg.com/vi/4OOue6HJyxY/hqdefault.jpg', 'width': 480, 'height': 360}, 'standard': {'url': 'https://i.ytimg.com/vi/4OOue6HJyxY/sddefault.jpg', 'width': 640, 'height': 480}, 'maxres': {'url': 'https://i.ytimg.com/vi/4OOue6HJyxY/maxresdefault.jpg', 'width': 1280, 'height': 720}}"
ENTREVISTA COLETIVA  - VASCO x CRUZEIRO | AO VIVO - VASCOTV,qRdBOq1XQlQ,"Fechado com o VascÃ£o? Vem com a Betfair! BÃ´nus de atÃ© R$300 pra vocÃª comeÃ§ar com tudo! ğŸ’¢

â¡ï¸ https://promotions.betfair.com/prs/sports-br-vasco-r300-zbivas
 
âš ï¸ 18+. Jogue com responsabilidade. T&Cs se aplicam.

______________

Inscreva-se na #VascoTV.

Seja um SÃ³cio Gigante: http://sociogigante.com

Siga o Vasco nas redes sociais:

ğ•€ğ•Ÿğ•¤ğ•¥ğ•’ğ•˜ğ•£ğ•’ğ•: https://www.instagram.com/vascodagama
ğ•‹ğ•šğ•œğ•‹ğ• ğ•œ: https://www.tiktok.com/@vasco
ğ•‹ğ•¨ğ•šğ•¥ğ•¥ğ•–ğ•£: https://twitter.com/VascodaGama
ğ”½ğ•’ğ•”ğ•–ğ•“ğ• ğ• ğ•œ: https://www.facebook.com/VascodaGama

#Vasco",2024-06-17T00:42:32Z,2024-06-18 18:06:34.827449,1398,13186,116,"{'default': {'url': 'https://i.ytimg.com/vi/qRdBOq1XQlQ/default.jpg', 'width': 120, 'height': 90}, 'medium': {'url': 'https://i.ytimg.com/vi/qRdBOq1XQlQ/mqdefault.jpg', 'width': 320, 'height': 180}, 'high': {'url': 'https://i.ytimg.com/vi/qRdBOq1XQlQ/hqdefault.jpg', 'width': 480, 'height': 360}, 'standard': {'url': 'https://i.ytimg.com/vi/qRdBOq1XQlQ/sddefault.jpg', 'width': 640, 'height': 480}, 'maxres': {'url': 'https://i.ytimg.com/vi/qRdBOq1XQlQ/maxresdefault.jpg', 'width': 1280, 'height': 720}}"
AO VIVO |  VASCO x CRUZEIRO  | CAMPEONATO BRASILEIRO - 9Âª RODADA,gofJhZcjAq0,"Fechado com o VascÃ£o? Vem com a Betfair! BÃ´nus de atÃ© R$300 pra vocÃª comeÃ§ar com tudo! ğŸ’¢

â¡ï¸ https://promotions.betfair.com/prs/sports-br-vasco-r300-zbivas
 
âš ï¸ 18+. Jogue com responsabilidade. T&Cs se aplicam.

______________

Inscreva-se na #VascoTV.

Seja um SÃ³cio Gigante: http://sociogigante.com

Siga o Vasco nas redes sociais:

ğ•€ğ•Ÿğ•¤ğ•¥ğ•’ğ•˜ğ•£ğ•’ğ•: https://www.instagram.com/vascodagama
ğ•‹ğ•šğ•œğ•‹ğ• ğ•œ: https://www.tiktok.com/@vasco
ğ•‹ğ•¨ğ•šğ•¥ğ•¥ğ•–ğ•£: https://twitter.com/VascodaGama
ğ”½ğ•’ğ•”ğ•–ğ•“ğ• ğ• ğ•œ: https://www.facebook.com/VascodaGama

#Vasco",2024-06-16T23:50:39Z,2024-06-18 18:06:34.827449,5974,252637,29,"{'default': {'url': 'https://i.ytimg.com/vi/gofJhZcjAq0/default.jpg', 'width': 120, 'height': 90}, 'medium': {'url': 'https://i.ytimg.com/vi/gofJhZcjAq0/mqdefault.jpg', 'width': 320, 'height': 180}, 'high': {'url': 'https://i.ytimg.com/vi/gofJhZcjAq0/hqdefault.jpg', 'width': 480, 'height': 360}, 'standard': {'url': 'https://i.ytimg.com/vi/gofJhZcjAq0/sddefault.jpg', 'width': 640, 'height': 480}, 'maxres': {'url': 'https://i.ytimg.com/vi/gofJhZcjAq0/maxresdefault.jpg', 'width': 1280, 'height': 720}}"
TREINO 15.6 | VASCOTV,RIyEI_nVknc,"Fechado com o VascÃ£o? Vem com a Betfair! BÃ´nus de atÃ© R$300 pra vocÃª comeÃ§ar com tudo! ğŸ’¢

â¡ï¸ https://promotions.betfair.com/prs/sports-br-vasco-r300-zbivas
 
âš ï¸ 18+. Jogue com responsabilidade. T&Cs se aplicam.

______________

Inscreva-se na #VascoTV.

Seja um SÃ³cio Gigante: http://sociogigante.com

Siga o Vasco nas redes sociais:

ğ•€ğ•Ÿğ•¤ğ•¥ğ•’ğ•˜ğ•£ğ•’ğ•: https://www.instagram.com/vascodagama
ğ•‹ğ•šğ•œğ•‹ğ• ğ•œ: https://www.tiktok.com/@vasco
ğ•‹ğ•¨ğ•šğ•¥ğ•¥ğ•–ğ•£: https://twitter.com/VascodaGama
ğ”½ğ•’ğ•”ğ•–ğ•“ğ• ğ• ğ•œ: https://www.facebook.com/VascodaGama

#Vasco",2024-06-15T16:55:35Z,2024-06-18 18:06:34.827449,809,10655,170,"{'default': {'url': 'https://i.ytimg.com/vi/RIyEI_nVknc/default.jpg', 'width': 120, 'height': 90}, 'medium': {'url': 'https://i.ytimg.com/vi/RIyEI_nVknc/mqdefault.jpg', 'width': 320, 'height': 180}, 'high': {'url': 'https://i.ytimg.com/vi/RIyEI_nVknc/hqdefault.jpg', 'width': 480, 'height': 360}, 'standard': {'url': 'https://i.ytimg.com/vi/RIyEI_nVknc/sddefault.jpg', 'width': 640, 'height': 480}, 'maxres': {'url': 'https://i.ytimg.com/vi/RIyEI_nVknc/maxresdefault.jpg', 'width': 1280, 'height': 720}}"
MELHORES MOMENTOS VASCO CAMPEÃƒO COPA RIO SUB-15,cgbBtXU2diE,"Inscreva-se na #VascoTV.

Seja um SÃ³cio Gigante: http://sociogigante.com

Siga o Vasco nas redes sociais:

ğ•€ğ•Ÿğ•¤ğ•¥ğ•’ğ•˜ğ•£ğ•’ğ•: https://www.instagram.com/vascodagama
ğ•‹ğ•šğ•œğ•‹ğ• ğ•œ: https://www.tiktok.com/@vasco
ğ•‹ğ•¨ğ•šğ•¥ğ•¥ğ•–ğ•£: https://twitter.com/VascodaGama
ğ”½ğ•’ğ•”ğ•–ğ•“ğ• ğ• ğ•œ: https://www.facebook.com/VascodaGama

#Vasco",2024-06-15T15:23:27Z,2024-06-18 18:06:34.827449,1262,21021,61,"{'default': {'url': 'https://i.ytimg.com/vi/cgbBtXU2diE/default.jpg', 'width': 120, 'height': 90}, 'medium': {'url': 'https://i.ytimg.com/vi/cgbBtXU2diE/mqdefault.jpg', 'width': 320, 'height': 180}, 'high': {'url': 'https://i.ytimg.com/vi/cgbBtXU2diE/hqdefault.jpg', 'width': 480, 'height': 360}, 'standard': {'url': 'https://i.ytimg.com/vi/cgbBtXU2diE/sddefault.jpg', 'width': 640, 'height': 480}, 'maxres': {'url': 'https://i.ytimg.com/vi/cgbBtXU2diE/maxresdefault.jpg', 'width': 1280, 'height': 720}}"
AO VIVO - FLUMINENSE x VASCO | COPA RIO SUB15 - FINAL (VOLTA),udHDKu8ru8Y,"Inscreva-se na #VascoTV.

Seja um SÃ³cio Gigante: http://sociogigante.com

Siga o Vasco nas redes sociais:

ğ•€ğ•Ÿğ•¤ğ•¥ğ•’ğ•˜ğ•£ğ•’ğ•: https://www.instagram.com/vascodagama
ğ•‹ğ•šğ•œğ•‹ğ• ğ•œ: https://www.tiktok.com/@vasco
ğ•‹ğ•¨ğ•šğ•¥ğ•¥ğ•–ğ•£: https://twitter.com/VascodaGama
ğ”½ğ•’ğ•”ğ•–ğ•“ğ• ğ• ğ•œ: https://www.facebook.com/VascodaGama

#Vasco",2024-06-15T15:17:54Z,2024-06-18 18:06:34.827449,2248,53451,18,"{'default': {'url': 'https://i.ytimg.com/vi/udHDKu8ru8Y/default.jpg', 'width': 120, 'height': 90}, 'medium': {'url': 'https://i.ytimg.com/vi/udHDKu8ru8Y/mqdefault.jpg', 'width': 320, 'height': 180}, 'high': {'url': 'https://i.ytimg.com/vi/udHDKu8ru8Y/hqdefault.jpg', 'width': 480, 'height': 360}, 'standard': {'url': 'https://i.ytimg.com/vi/udHDKu8ru8Y/sddefault.jpg', 'width': 640, 'height': 480}, 'maxres': {'url': 'https://i.ytimg.com/vi/udHDKu8ru8Y/maxresdefault.jpg', 'width': 1280, 'height': 720}}"
DIA MUNDIAL DO DOADOR DE SANGUE | VASCOTV,WtrCS01BTeg,"Inscreva-se na #VascoTV.

Seja um SÃ³cio Gigante: http://sociogigante.com

Siga o Vasco nas redes sociais:

ğ•€ğ•Ÿğ•¤ğ•¥ğ•’ğ•˜ğ•£ğ•’ğ•: https://www.instagram.com/vascodagama
ğ•‹ğ•šğ•œğ•‹ğ• ğ•œ: https://www.tiktok.com/@vasco
ğ•‹ğ•¨ğ•šğ•¥ğ•¥ğ•–ğ•£: https://twitter.com/VascodaGama
ğ”½ğ•’ğ•”ğ•–ğ•“ğ• ğ• ğ•œ: https://www.facebook.com/VascodaGama

#Vasco",2024-06-15T00:07:25Z,2024-06-18 18:06:34.827449,454,2108,64,"{'default': {'url': 'https://i.ytimg.com/vi/WtrCS01BTeg/default.jpg', 'width': 120, 'height': 90}, 'medium': {'url': 'https://i.ytimg.com/vi/WtrCS01BTeg/mqdefault.jpg', 'width': 320, 'height': 180}, 'high': {'url': 'https://i.ytimg.com/vi/WtrCS01BTeg/hqdefault.jpg', 'width': 480, 'height': 360}, 'standard': {'url': 'https://i.ytimg.com/vi/WtrCS01BTeg/sddefault.jpg', 'width': 640, 'height': 480}, 'maxres': {'url': 'https://i.ytimg.com/vi/WtrCS01BTeg/maxresdefault.jpg', 'width': 1280, 'height': 720}}"
COLETIVA ÃLVARO PACHECO | VASCOTV,4poGM1ViaFE,,2024-06-14T04:24:32Z,2024-06-18 18:06:34.827449,1310,18635,369,"{'default': {'url': 'https://i.ytimg.com/vi/4poGM1ViaFE/default.jpg', 'width': 120, 'height': 90}, 'medium': {'url': 'https://i.ytimg.com/vi/4poGM1ViaFE/mqdefault.jpg', 'width': 320, 'height': 180}, 'high': {'url': 'https://i.ytimg.com/vi/4poGM1ViaFE/hqdefault.jpg', 'width': 480, 'height': 360}, 'standard': {'url': 'https://i.ytimg.com/vi/4poGM1ViaFE/sddefault.jpg', 'width': 640, 'height': 480}, 'maxres': {'url': 'https://i.ytimg.com/vi/4poGM1ViaFE/maxresdefault.jpg', 'width': 1280, 'height': 720}}"
AO VIVO | PALMEIRAS x VASCO  | CAMPEONATO BRASILEIRO - 8Âª RODADA,Jc1PdDInslQ,"Fechado com o VascÃ£o? Vem com a Betfair! BÃ´nus de atÃ© R$300 pra vocÃª comeÃ§ar com tudo! ğŸ’¢

â¡ï¸ https://promotions.betfair.com/prs/sports-br-vasco-r300-zbivas
 
âš ï¸ 18+. Jogue com responsabilidade. T&Cs se aplicam.

______________

Inscreva-se na #VascoTV.

Seja um SÃ³cio Gigante: http://sociogigante.com

Siga o Vasco nas redes sociais:

ğ•€ğ•Ÿğ•¤ğ•¥ğ•’ğ•˜ğ•£ğ•’ğ•: https://www.instagram.com/vascodagama
ğ•‹ğ•šğ•œğ•‹ğ• ğ•œ: https://www.tiktok.com/@vasco
ğ•‹ğ•¨ğ•šğ•¥ğ•¥ğ•–ğ•£: https://twitter.com/VascodaGama
ğ”½ğ•’ğ•”ğ•–ğ•“ğ• ğ• ğ•œ: https://www.facebook.com/VascodaGama

#Vasco",2024-06-14T02:48:24Z,2024-06-18 18:06:34.827449,3545,166034,69,"{'default': {'url': 'https://i.ytimg.com/vi/Jc1PdDInslQ/default.jpg', 'width': 120, 'height': 90}, 'medium': {'url': 'https://i.ytimg.com/vi/Jc1PdDInslQ/mqdefault.jpg', 'width': 320, 'height': 180}, 'high': {'url': 'https://i.ytimg.com/vi/Jc1PdDInslQ/hqdefault.jpg', 'width': 480, 'height': 360}, 'standard': {'url': 'https://i.ytimg.com/vi/Jc1PdDInslQ/sddefault.jpg', 'width': 640, 'height': 480}, 'maxres': {'url': 'https://i.ytimg.com/vi/Jc1PdDInslQ/maxresdefault.jpg', 'width': 1280, 'height': 720}}"
TREINO + VIAGEM SP | VASCOTV,Ys7QZnGUfds,,2024-06-13T00:52:16Z,2024-06-18 18:06:34.827449,1962,20904,114,"{'default': {'url': 'https://i.ytimg.com/vi/Ys7QZnGUfds/default.jpg', 'width': 120, 'height': 90}, 'medium': {'url': 'https://i.ytimg.com/vi/Ys7QZnGUfds/mqdefault.jpg', 'width': 320, 'height': 180}, 'high': {'url': 'https://i.ytimg.com/vi/Ys7QZnGUfds/hqdefault.jpg', 'width': 480, 'height': 360}, 'standard': {'url': 'https://i.ytimg.com/vi/Ys7QZnGUfds/sddefault.jpg', 'width': 640, 'height': 480}, 'maxres': {'url': 'https://i.ytimg.com/vi/Ys7QZnGUfds/maxresdefault.jpg', 'width': 1280, 'height': 720}}"
EXCLUSIVA COM FELIPE | VASCOTV,GKyLB89T3YM,"Fechado com o VascÃ£o? Vem com a Betfair! BÃ´nus de atÃ© R$300 pra vocÃª comeÃ§ar com tudo! ğŸ’¢

â¡ï¸ https://promotions.betfair.com/prs/sports-br-vasco-r300-zbivas
 
âš ï¸ 18+. Jogue com responsabilidade. T&Cs se aplicam.

______________

Inscreva-se na #VascoTV.

Seja um SÃ³cio Gigante: http://sociogigante.com

Siga o Vasco nas redes sociais:

ğ•€ğ•Ÿğ•¤ğ•¥ğ•’ğ•˜ğ•£ğ•’ğ•: https://www.instagram.com/vascodagama
ğ•‹ğ•šğ•œğ•‹ğ• ğ•œ: https://www.tiktok.com/@vasco
ğ•‹ğ•¨ğ•šğ•¥ğ•¥ğ•–ğ•£: https://twitter.com/VascodaGama
ğ”½ğ•’ğ•”ğ•–ğ•“ğ• ğ• ğ•œ: https://www.facebook.com/VascodaGama

#Vasco",2024-06-12T23:22:49Z,2024-06-18 18:06:34.827449,3859,30287,141,"{'default': {'url': 'https://i.ytimg.com/vi/GKyLB89T3YM/default.jpg', 'width': 120, 'height': 90}, 'medium': {'url': 'https://i.ytimg.com/vi/GKyLB89T3YM/mqdefault.jpg', 'width': 320, 'height': 180}, 'high': {'url': 'https://i.ytimg.com/vi/GKyLB89T3YM/hqdefault.jpg', 'width': 480, 'height': 360}, 'standard': {'url': 'https://i.ytimg.com/vi/GKyLB89T3YM/sddefault.jpg', 'width': 640, 'height': 480}, 'maxres': {'url': 'https://i.ytimg.com/vi/GKyLB89T3YM/maxresdefault.jpg', 'width': 1280, 'height': 720}}"
EXPOVASCO 2024 - 5A EDIÃ‡ÃƒO | VASCOTV,SPmuoAaqrX4,"Inscreva-se na #VascoTV.

Seja um SÃ³cio Gigante: http://sociogigante.com

Siga o Vasco nas redes sociais:

ğ•€ğ•Ÿğ•¤ğ•¥ğ•’ğ•˜ğ•£ğ•’ğ•: https://www.instagram.com/vascodagama
ğ•‹ğ•šğ•œğ•‹ğ• ğ•œ: https://www.tiktok.com/@vasco
ğ•‹ğ•¨ğ•šğ•¥ğ•¥ğ•–ğ•£: https://twitter.com/VascodaGama
ğ”½ğ•’ğ•”ğ•–ğ•“ğ• ğ• ğ•œ: https://www.facebook.com/VascodaGama

#Vasco",2024-06-11T21:50:20Z,2024-06-18 18:06:34.827449,1210,8414,31,"{'default': {'url': 'https://i.ytimg.com/vi/SPmuoAaqrX4/default.jpg', 'width': 120, 'height': 90}, 'medium': {'url': 'https://i.ytimg.com/vi/SPmuoAaqrX4/mqdefault.jpg', 'width': 320, 'height': 180}, 'high': {'url': 'https://i.ytimg.com/vi/SPmuoAaqrX4/hqdefault.jpg', 'width': 480, 'height': 360}, 'standard': {'url': 'https://i.ytimg.com/vi/SPmuoAaqrX4/sddefault.jpg', 'width': 640, 'height': 480}, 'maxres': {'url': 'https://i.ytimg.com/vi/SPmuoAaqrX4/maxresdefault.jpg', 'width': 1280, 'height': 720}}"
TREINO 11.6 | VASCOTV,aSAhuYY_DC4,"Fechado com o VascÃ£o? Vem com a Betfair! BÃ´nus de atÃ© R$300 pra vocÃª comeÃ§ar com tudo! ğŸ’¢

â¡ï¸ https://promotions.betfair.com/prs/sports-br-vasco-r300-zbivas
 
âš ï¸ 18+. Jogue com responsabilidade. T&Cs se aplicam.

______________

Inscreva-se na #VascoTV.

Seja um SÃ³cio Gigante: http://sociogigante.com

Siga o Vasco nas redes sociais:

ğ•€ğ•Ÿğ•¤ğ•¥ğ•’ğ•˜ğ•£ğ•’ğ•: https://www.instagram.com/vascodagama
ğ•‹ğ•šğ•œğ•‹ğ• ğ•œ: https://www.tiktok.com/@vasco
ğ•‹ğ•¨ğ•šğ•¥ğ•¥ğ•–ğ•£: https://twitter.com/VascodaGama
ğ”½ğ•’ğ•”ğ•–ğ•“ğ• ğ• ğ•œ: https://www.facebook.com/VascodaGama

#Vasco",2024-06-11T19:10:28Z,2024-06-18 18:06:34.827449,1561,13984,84,"{'default': {'url': 'https://i.ytimg.com/vi/aSAhuYY_DC4/default.jpg', 'width': 120, 'height': 90}, 'medium': {'url': 'https://i.ytimg.com/vi/aSAhuYY_DC4/mqdefault.jpg', 'width': 320, 'height': 180}, 'high': {'url': 'https://i.ytimg.com/vi/aSAhuYY_DC4/hqdefault.jpg', 'width': 480, 'height': 360}, 'standard': {'url': 'https://i.ytimg.com/vi/aSAhuYY_DC4/sddefault.jpg', 'width': 640, 'height': 480}, 'maxres': {'url': 'https://i.ytimg.com/vi/aSAhuYY_DC4/maxresdefault.jpg', 'width': 1280, 'height': 720}}"
TREINO 10.06 | VASCOTV,8XKcJc6rPo8,"Fechado com o VascÃ£o? Vem com a Betfair! BÃ´nus de atÃ© R$300 pra vocÃª comeÃ§ar com tudo! ğŸ’¢

â¡ï¸ https://promotions.betfair.com/prs/sports-br-vasco-r300-zbivas
 
âš ï¸ 18+. Jogue com responsabilidade. T&Cs se aplicam.

______________

Inscreva-se na #VascoTV.

Seja um SÃ³cio Gigante: http://sociogigante.com

Siga o Vasco nas redes sociais:

ğ•€ğ•Ÿğ•¤ğ•¥ğ•’ğ•˜ğ•£ğ•’ğ•: https://www.instagram.com/vascodagama
ğ•‹ğ•šğ•œğ•‹ğ• ğ•œ: https://www.tiktok.com/@vasco
ğ•‹ğ•¨ğ•šğ•¥ğ•¥ğ•–ğ•£: https://twitter.com/VascodaGama
ğ”½ğ•’ğ•”ğ•–ğ•“ğ• ğ• ğ•œ: https://www.facebook.com/VascodaGama

#Vasco",2024-06-10T21:02:43Z,2024-06-18 18:06:34.827449,2313,26668,184,"{'default': {'url': 'https://i.ytimg.com/vi/8XKcJc6rPo8/default.jpg', 'width': 120, 'height': 90}, 'medium': {'url': 'https://i.ytimg.com/vi/8XKcJc6rPo8/mqdefault.jpg', 'width': 320, 'height': 180}, 'high': {'url': 'https://i.ytimg.com/vi/8XKcJc6rPo8/hqdefault.jpg', 'width': 480, 'height': 360}, 'standard': {'url': 'https://i.ytimg.com/vi/8XKcJc6rPo8/sddefault.jpg', 'width': 640, 'height': 480}, 'maxres': {'url': 'https://i.ytimg.com/vi/8XKcJc6rPo8/maxresdefault.jpg', 'width': 1280, 'height': 720}}"
TREINO 9.6 | VASCOTV,koreoG-C_Ek,"Fechado com o VascÃ£o? Vem com a Betfair! BÃ´nus de atÃ© R$300 pra vocÃª comeÃ§ar com tudo! ğŸ’¢

â¡ï¸ https://promotions.betfair.com/prs/sports-br-vasco-r300-zbivas
 
âš ï¸ 18+. Jogue com responsabilidade. T&Cs se aplicam.

______________

Inscreva-se na #VascoTV.

Seja um SÃ³cio Gigante: http://sociogigante.com

Siga o Vasco nas redes sociais:

ğ•€ğ•Ÿğ•¤ğ•¥ğ•’ğ•˜ğ•£ğ•’ğ•: https://www.instagram.com/vascodagama
ğ•‹ğ•šğ•œğ•‹ğ• ğ•œ: https://www.tiktok.com/@vasco
ğ•‹ğ•¨ğ•šğ•¥ğ•¥ğ•–ğ•£: https://twitter.com/VascodaGama
ğ”½ğ•’ğ•”ğ•–ğ•“ğ• ğ• ğ•œ: https://www.facebook.com/VascodaGama

#Vasco",2024-06-09T16:39:43Z,2024-06-18 18:06:34.827449,2163,27984,153,"{'default': {'url': 'https://i.ytimg.com/vi/koreoG-C_Ek/default.jpg', 'width': 120, 'height': 90}, 'medium': {'url': 'https://i.ytimg.com/vi/koreoG-C_Ek/mqdefault.jpg', 'width': 320, 'height': 180}, 'high': {'url': 'https://i.ytimg.com/vi/koreoG-C_Ek/hqdefault.jpg', 'width': 480, 'height': 360}, 'standard': {'url': 'https://i.ytimg.com/vi/koreoG-C_Ek/sddefault.jpg', 'width': 640, 'height': 480}, 'maxres': {'url': 'https://i.ytimg.com/vi/koreoG-C_Ek/maxresdefault.jpg', 'width': 1280, 'height': 720}}"
MELHORES MOMENTOS | VASCO 5 x 3 AMERICA-RJ | COPA RIO SUB16 - SEMIFINAL (VOLTA),glsyp_Y_9sg,"Inscreva-se na #VascoTV.

Seja um SÃ³cio Gigante: http://sociogigante.com

Siga o Vasco nas redes sociais:

ğ•€ğ•Ÿğ•¤ğ•¥ğ•’ğ•˜ğ•£ğ•’ğ•: https://www.instagram.com/vascodagama
ğ•‹ğ•šğ•œğ•‹ğ• ğ•œ: https://www.tiktok.com/@vasco
ğ•‹ğ•¨ğ•šğ•¥ğ•¥ğ•–ğ•£: https://twitter.com/VascodaGama
ğ”½ğ•’ğ•”ğ•–ğ•“ğ• ğ• ğ•œ: https://www.facebook.com/VascodaGama

#Vasco",2024-06-09T14:27:10Z,2024-06-18 18:06:34.827449,789,19881,23,"{'default': {'url': 'https://i.ytimg.com/vi/glsyp_Y_9sg/default.jpg', 'width': 120, 'height': 90}, 'medium': {'url': 'https://i.ytimg.com/vi/glsyp_Y_9sg/mqdefault.jpg', 'width': 320, 'height': 180}, 'high': {'url': 'https://i.ytimg.com/vi/glsyp_Y_9sg/hqdefault.jpg', 'width': 480, 'height': 360}, 'standard': {'url': 'https://i.ytimg.com/vi/glsyp_Y_9sg/sddefault.jpg', 'width': 640, 'height': 480}, 'maxres': {'url': 'https://i.ytimg.com/vi/glsyp_Y_9sg/maxresdefault.jpg', 'width': 1280, 'height': 720}}"
AO VIVO - VASCO x AMERICA-RJ | COPA RIO SUB16 - SEMIFINAL (VOLTA),qly5e8kSACM,"Inscreva-se na #VascoTV.

Seja um SÃ³cio Gigante: http://sociogigante.com

Siga o Vasco nas redes sociais:

ğ•€ğ•Ÿğ•¤ğ•¥ğ•’ğ•˜ğ•£ğ•’ğ•: https://www.instagram.com/vascodagama
ğ•‹ğ•šğ•œğ•‹ğ• ğ•œ: https://www.tiktok.com/@vasco
ğ•‹ğ•¨ğ•šğ•¥ğ•¥ğ•–ğ•£: https://twitter.com/VascodaGama
ğ”½ğ•’ğ•”ğ•–ğ•“ğ• ğ• ğ•œ: https://www.facebook.com/VascodaGama

#Vasco",2024-06-09T14:05:59Z,2024-06-18 18:06:34.827449,1678,42254,23,"{'default': {'url': 'https://i.ytimg.com/vi/qly5e8kSACM/default.jpg', 'width': 120, 'height': 90}, 'medium': {'url': 'https://i.ytimg.com/vi/qly5e8kSACM/mqdefault.jpg', 'width': 320, 'height': 180}, 'high': {'url': 'https://i.ytimg.com/vi/qly5e8kSACM/hqdefault.jpg', 'width': 480, 'height': 360}, 'standard': {'url': 'https://i.ytimg.com/vi/qly5e8kSACM/sddefault.jpg', 'width': 640, 'height': 480}, 'maxres': {'url': 'https://i.ytimg.com/vi/qly5e8kSACM/maxresdefault.jpg', 'width': 1280, 'height': 720}}"
AO VIVO - FLAMENGO x VASCO | COPA RIO SUB17 - FINAL (IDA),1Kuazn9mTXo,"Inscreva-se na #VascoTV.

Seja um SÃ³cio Gigante: http://sociogigante.com

Siga o Vasco nas redes sociais:

ğ•€ğ•Ÿğ•¤ğ•¥ğ•’ğ•˜ğ•£ğ•’ğ•: https://www.instagram.com/vascodagama
ğ•‹ğ•šğ•œğ•‹ğ• ğ•œ: https://www.tiktok.com/@vasco
ğ•‹ğ•¨ğ•šğ•¥ğ•¥ğ•–ğ•£: https://twitter.com/VascodaGama
ğ”½ğ•’ğ•”ğ•–ğ•“ğ• ğ• ğ•œ: https://www.facebook.com/VascodaGama

#Vasco",2024-06-08T19:45:07Z,2024-06-18 18:06:34.827449,2692,94396,46,"{'default': {'url': 'https://i.ytimg.com/vi/1Kuazn9mTXo/default.jpg', 'width': 120, 'height': 90}, 'medium': {'url': 'https://i.ytimg.com/vi/1Kuazn9mTXo/mqdefault.jpg', 'width': 320, 'height': 180}, 'high': {'url': 'https://i.ytimg.com/vi/1Kuazn9mTXo/hqdefault.jpg', 'width': 480, 'height': 360}, 'standard': {'url': 'https://i.ytimg.com/vi/1Kuazn9mTXo/sddefault.jpg', 'width': 640, 'height': 480}, 'maxres': {'url': 'https://i.ytimg.com/vi/1Kuazn9mTXo/maxresdefault.jpg', 'width': 1280, 'height': 720}}"
MELHORES MOMENTOS | VASCO 4 x 1 FLUMINENSE | COPA RIO SUB15 - FINAL (IDA),NfgOpqfAFJI,"Inscreva-se na #VascoTV.

Seja um SÃ³cio Gigante: http://sociogigante.com

Siga o Vasco nas redes sociais:

ğ•€ğ•Ÿğ•¤ğ•¥ğ•’ğ•˜ğ•£ğ•’ğ•: https://www.instagram.com/vascodagama
ğ•‹ğ•šğ•œğ•‹ğ• ğ•œ: https://www.tiktok.com/@vasco
ğ•‹ğ•¨ğ•šğ•¥ğ•¥ğ•–ğ•£: https://twitter.com/VascodaGama
ğ”½ğ•’ğ•”ğ•–ğ•“ğ• ğ• ğ•œ: https://www.facebook.com/VascodaGama

#Vasco",2024-06-08T15:35:47Z,2024-06-18 18:06:34.827449,811,14109,39,"{'default': {'url': 'https://i.ytimg.com/vi/NfgOpqfAFJI/default.jpg', 'width': 120, 'height': 90}, 'medium': {'url': 'https://i.ytimg.com/vi/NfgOpqfAFJI/mqdefault.jpg', 'width': 320, 'height': 180}, 'high': {'url': 'https://i.ytimg.com/vi/NfgOpqfAFJI/hqdefault.jpg', 'width': 480, 'height': 360}, 'standard': {'url': 'https://i.ytimg.com/vi/NfgOpqfAFJI/sddefault.jpg', 'width': 640, 'height': 480}, 'maxres': {'url': 'https://i.ytimg.com/vi/NfgOpqfAFJI/maxresdefault.jpg', 'width': 1280, 'height': 720}}"
AO VIVO - VASCO x FLUMINENSE | COPA RIO SUB15 - FINAL (IDA),qYrVxWsUX0I,"Fechado com o VascÃ£o? Vem com a Betfair! BÃ´nus de atÃ© R$300 pra vocÃª comeÃ§ar com tudo! ğŸ’¢

â¡ï¸ https://promotions.betfair.com/prs/sports-br-vasco-r300-zbivas
 
âš ï¸ 18+. Jogue com responsabilidade. T&Cs se aplicam.

______________

Inscreva-se na #VascoTV.

Seja um SÃ³cio Gigante: http://sociogigante.com

Siga o Vasco nas redes sociais:

ğ•€ğ•Ÿğ•¤ğ•¥ğ•’ğ•˜ğ•£ğ•’ğ•: https://www.instagram.com/vascodagama
ğ•‹ğ•šğ•œğ•‹ğ• ğ•œ: https://www.tiktok.com/@vasco
ğ•‹ğ•¨ğ•šğ•¥ğ•¥ğ•–ğ•£: https://twitter.com/VascodaGama
ğ”½ğ•’ğ•”ğ•–ğ•“ğ• ğ• ğ•œ: https://www.facebook.com/VascodaGama

#Vasco",2024-06-08T14:05:57Z,2024-06-18 18:06:34.827449,1707,37098,18,"{'default': {'url': 'https://i.ytimg.com/vi/qYrVxWsUX0I/default.jpg', 'width': 120, 'height': 90}, 'medium': {'url': 'https://i.ytimg.com/vi/qYrVxWsUX0I/mqdefault.jpg', 'width': 320, 'height': 180}, 'high': {'url': 'https://i.ytimg.com/vi/qYrVxWsUX0I/hqdefault.jpg', 'width': 480, 'height': 360}, 'standard': {'url': 'https://i.ytimg.com/vi/qYrVxWsUX0I/sddefault.jpg', 'width': 640, 'height': 480}, 'maxres': {'url': 'https://i.ytimg.com/vi/qYrVxWsUX0I/maxresdefault.jpg', 'width': 1280, 'height': 720}}"
TREINO 07.06 | VASCOTV,Y4KF1sBYkME,,2024-06-07T18:31:04Z,2024-06-18 18:06:34.827449,2460,28889,246,"{'default': {'url': 'https://i.ytimg.com/vi/Y4KF1sBYkME/default.jpg', 'width': 120, 'height': 90}, 'medium': {'url': 'https://i.ytimg.com/vi/Y4KF1sBYkME/mqdefault.jpg', 'width': 320, 'height': 180}, 'high': {'url': 'https://i.ytimg.com/vi/Y4KF1sBYkME/hqdefault.jpg', 'width': 480, 'height': 360}, 'standard': {'url': 'https://i.ytimg.com/vi/Y4KF1sBYkME/sddefault.jpg', 'width': 640, 'height': 480}, 'maxres': {'url': 'https://i.ytimg.com/vi/Y4KF1sBYkME/maxresdefault.jpg', 'width': 1280, 'height': 720}}"
TREINO 6.6 | VASCOTV,5qD6QnNEvLM,"Fechado com o VascÃ£o? Vem com a Betfair! BÃ´nus de atÃ© R$300 pra vocÃª comeÃ§ar com tudo! ğŸ’¢

â¡ï¸ https://promotions.betfair.com/prs/sports-br-vasco-r300-zbivas
 
âš ï¸ 18+. Jogue com responsabilidade. T&Cs se aplicam.

______________

Inscreva-se na #VascoTV.

Seja um SÃ³cio Gigante: http://sociogigante.com

Siga o Vasco nas redes sociais:

ğ•€ğ•Ÿğ•¤ğ•¥ğ•’ğ•˜ğ•£ğ•’ğ•: https://www.instagram.com/vascodagama
ğ•‹ğ•šğ•œğ•‹ğ• ğ•œ: https://www.tiktok.com/@vasco
ğ•‹ğ•¨ğ•šğ•¥ğ•¥ğ•–ğ•£: https://twitter.com/VascodaGama
ğ”½ğ•’ğ•”ğ•–ğ•“ğ• ğ• ğ•œ: https://www.facebook.com/VascodaGama

#Vasco",2024-06-06T18:32:49Z,2024-06-18 18:06:34.827449,1357,23929,217,"{'default': {'url': 'https://i.ytimg.com/vi/5qD6QnNEvLM/default.jpg', 'width': 120, 'height': 90}, 'medium': {'url': 'https://i.ytimg.com/vi/5qD6QnNEvLM/mqdefault.jpg', 'width': 320, 'height': 180}, 'high': {'url': 'https://i.ytimg.com/vi/5qD6QnNEvLM/hqdefault.jpg', 'width': 480, 'height': 360}, 'standard': {'url': 'https://i.ytimg.com/vi/5qD6QnNEvLM/sddefault.jpg', 'width': 640, 'height': 480}, 'maxres': {'url': 'https://i.ytimg.com/vi/5qD6QnNEvLM/maxresdefault.jpg', 'width': 1280, 'height': 720}}"
ZONA MISTA- VERÃ”NICA COUTINHO | VASCOTV,N9Bq2cPfOCc,"Treinadora do Vasco Feminino, VerÃ´nica Coutinho conversou com a imprensa em SÃ£o JanuÃ¡rio e avaliou o momento vivido pelo Gigante da Colina no Campeonato Brasileiro A3. As Meninas da Colina estÃ£o invictas na competiÃ§Ã£o nacional, com quatro vitÃ³rias em quatro jogos.

______________

Fechado com o VascÃ£o? Vem com a Betfair! BÃ´nus de atÃ© R$300 pra vocÃª comeÃ§ar com tudo! ğŸ’¢

â¡ï¸ https://promotions.betfair.com/prs/sports-br-vasco-r300-zbivas
 
âš ï¸ 18+. Jogue com responsabilidade. T&Cs se aplicam.

______________

Inscreva-se na #VascoTV.

Seja um SÃ³cio Gigante: http://sociogigante.com

Siga o Vasco nas redes sociais:

ğ•€ğ•Ÿğ•¤ğ•¥ğ•’ğ•˜ğ•£ğ•’ğ•: https://www.instagram.com/vascodagama
ğ•‹ğ•šğ•œğ•‹ğ• ğ•œ: https://www.tiktok.com/@vasco
ğ•‹ğ•¨ğ•šğ•¥ğ•¥ğ•–ğ•£: https://twitter.com/VascodaGama
ğ”½ğ•’ğ•”ğ•–ğ•“ğ• ğ• ğ•œ: https://www.facebook.com/VascodaGama

#Vasco",2024-06-06T13:50:27Z,2024-06-18 18:06:34.827449,864,7035,63,"{'default': {'url': 'https://i.ytimg.com/vi/N9Bq2cPfOCc/default.jpg', 'width': 120, 'height': 90}, 'medium': {'url': 'https://i.ytimg.com/vi/N9Bq2cPfOCc/mqdefault.jpg', 'width': 320, 'height': 180}, 'high': {'url': 'https://i.ytimg.com/vi/N9Bq2cPfOCc/hqdefault.jpg', 'width': 480, 'height': 360}, 'standard': {'url': 'https://i.ytimg.com/vi/N9Bq2cPfOCc/sddefault.jpg', 'width': 640, 'height': 480}, 'maxres': {'url': 'https://i.ytimg.com/vi/N9Bq2cPfOCc/maxresdefault.jpg', 'width': 1280, 'height': 720}}"
"ZONA MISTA MAVI, LIDY E ÃNDIA | VASCOTV",A3x4zYbfVss,"Destaques do Vasco Feminino, a atacante Mavi, a zagueira Lidy e a lateral Ãndia conversaram com a imprensa em SÃ£o JanuÃ¡rio e avaliaram o momento vivido pelo Gigante da Colina no Campeonato Brasileiro A3. As Meninas da Colina estÃ£o invictas na competiÃ§Ã£o nacional, com quatro vitÃ³rias em quatro jogos.

______________

Fechado com o VascÃ£o? Vem com a Betfair! BÃ´nus de atÃ© R$300 pra vocÃª comeÃ§ar com tudo! ğŸ’¢

â¡ï¸ https://promotions.betfair.com/prs/sports-br-vasco-r300-zbivas
 
âš ï¸ 18+. Jogue com responsabilidade. T&Cs se aplicam.

______________

Inscreva-se na #VascoTV.

Seja um SÃ³cio Gigante: http://sociogigante.com

Siga o Vasco nas redes sociais:

ğ•€ğ•Ÿğ•¤ğ•¥ğ•’ğ•˜ğ•£ğ•’ğ•: https://www.instagram.com/vascodagama
ğ•‹ğ•šğ•œğ•‹ğ• ğ•œ: https://www.tiktok.com/@vasco
ğ•‹ğ•¨ğ•šğ•¥ğ•¥ğ•–ğ•£: https://twitter.com/VascodaGama
ğ”½ğ•’ğ•”ğ•–ğ•“ğ• ğ• ğ•œ: https://www.facebook.com/VascodaGama

#Vasco",2024-06-06T13:50:01Z,2024-06-18 18:06:34.827449,545,4483,31,"{'default': {'url': 'https://i.ytimg.com/vi/A3x4zYbfVss/default.jpg', 'width': 120, 'height': 90}, 'medium': {'url': 'https://i.ytimg.com/vi/A3x4zYbfVss/mqdefault.jpg', 'width': 320, 'height': 180}, 'high': {'url': 'https://i.ytimg.com/vi/A3x4zYbfVss/hqdefault.jpg', 'width': 480, 'height': 360}, 'standard': {'url': 'https://i.ytimg.com/vi/A3x4zYbfVss/sddefault.jpg', 'width': 640, 'height': 480}, 'maxres': {'url': 'https://i.ytimg.com/vi/A3x4zYbfVss/maxresdefault.jpg', 'width': 1280, 'height': 720}}"
TREINO 05.06 | VASCOTV,XDDbodCztfY,"Fechado com o VascÃ£o? Vem com a Betfair! BÃ´nus de atÃ© R$300 pra vocÃª comeÃ§ar com tudo! ğŸ’¢

â¡ï¸ https://promotions.betfair.com/prs/sports-br-vasco-r300-zbivas
 
âš ï¸ 18+. Jogue com responsabilidade. T&Cs se aplicam.

______________

Inscreva-se na #VascoTV.

Seja um SÃ³cio Gigante: http://sociogigante.com

Siga o Vasco nas redes sociais:

ğ•€ğ•Ÿğ•¤ğ•¥ğ•’ğ•˜ğ•£ğ•’ğ•: https://www.instagram.com/vascodagama
ğ•‹ğ•šğ•œğ•‹ğ• ğ•œ: https://www.tiktok.com/@vasco
ğ•‹ğ•¨ğ•šğ•¥ğ•¥ğ•–ğ•£: https://twitter.com/VascodaGama
ğ”½ğ•’ğ•”ğ•–ğ•“ğ• ğ• ğ•œ: https://www.facebook.com/VascodaGama

#Vasco",2024-06-05T23:03:41Z,2024-06-18 18:06:34.827449,2684,34950,602,"{'default': {'url': 'https://i.ytimg.com/vi/XDDbodCztfY/default.jpg', 'width': 120, 'height': 90}, 'medium': {'url': 'https://i.ytimg.com/vi/XDDbodCztfY/mqdefault.jpg', 'width': 320, 'height': 180}, 'high': {'url': 'https://i.ytimg.com/vi/XDDbodCztfY/hqdefault.jpg', 'width': 480, 'height': 360}, 'standard': {'url': 'https://i.ytimg.com/vi/XDDbodCztfY/sddefault.jpg', 'width': 640, 'height': 480}, 'maxres': {'url': 'https://i.ytimg.com/vi/XDDbodCztfY/maxresdefault.jpg', 'width': 1280, 'height': 720}}"
ENTREVISTA COLETIVA  - VASCO x FLAMENGO | AO VIVO - VASCOTV,ePNJOQFPfbs,"Fechado com o VascÃ£o? Vem com a Betfair! BÃ´nus de atÃ© R$300 pra vocÃª comeÃ§ar com tudo! ğŸ’¢

â¡ï¸ https://promotions.betfair.com/prs/sports-br-vasco-r300-zbivas
 
âš ï¸ 18+. Jogue com responsabilidade. T&Cs se aplicam.

______________

Inscreva-se na #VascoTV.

Seja um SÃ³cio Gigante: http://sociogigante.com

Siga o Vasco nas redes sociais:

ğ•€ğ•Ÿğ•¤ğ•¥ğ•’ğ•˜ğ•£ğ•’ğ•: https://www.instagram.com/vascodagama
ğ•‹ğ•šğ•œğ•‹ğ• ğ•œ: https://www.tiktok.com/@vasco
ğ•‹ğ•¨ğ•šğ•¥ğ•¥ğ•–ğ•£: https://twitter.com/VascodaGama
ğ”½ğ•’ğ•”ğ•–ğ•“ğ• ğ• ğ•œ: https://www.facebook.com/VascodaGama

#Vasco",2024-06-02T21:53:13Z,2024-06-18 18:06:34.827449,3872,53878,773,"{'default': {'url': 'https://i.ytimg.com/vi/ePNJOQFPfbs/default.jpg', 'width': 120, 'height': 90}, 'medium': {'url': 'https://i.ytimg.com/vi/ePNJOQFPfbs/mqdefault.jpg', 'width': 320, 'height': 180}, 'high': {'url': 'https://i.ytimg.com/vi/ePNJOQFPfbs/hqdefault.jpg', 'width': 480, 'height': 360}, 'standard': {'url': 'https://i.ytimg.com/vi/ePNJOQFPfbs/sddefault.jpg', 'width': 640, 'height': 480}, 'maxres': {'url': 'https://i.ytimg.com/vi/ePNJOQFPfbs/maxresdefault.jpg', 'width': 1280, 'height': 720}}"
AO VIVO | VASCO x FLAMENGO | CAMPEONATO BRASILEIRO - 7Âª RODADA,pLg5zInqLmA,"Fechado com o VascÃ£o? Vem com a Betfair! BÃ´nus de atÃ© R$300 pra vocÃª comeÃ§ar com tudo! ğŸ’¢

â¡ï¸ https://promotions.betfair.com/prs/sports-br-vasco-r300-zbivas
 
âš ï¸ 18+. Jogue com responsabilidade. T&Cs se aplicam.

______________

Inscreva-se na #VascoTV.

Seja um SÃ³cio Gigante: http://sociogigante.com

Siga o Vasco nas redes sociais:

ğ•€ğ•Ÿğ•¤ğ•¥ğ•’ğ•˜ğ•£ğ•’ğ•: https://www.instagram.com/vascodagama
ğ•‹ğ•šğ•œğ•‹ğ• ğ•œ: https://www.tiktok.com/@vasco
ğ•‹ğ•¨ğ•šğ•¥ğ•¥ğ•–ğ•£: https://twitter.com/VascodaGama
ğ”½ğ•’ğ•”ğ•–ğ•“ğ• ğ• ğ•œ: https://www.facebook.com/VascodaGama

#Vasco",2024-06-02T21:05:28Z,2024-06-18 18:06:34.827449,11782,608316,367,"{'default': {'url': 'https://i.ytimg.com/vi/pLg5zInqLmA/default.jpg', 'width': 120, 'height': 90}, 'medium': {'url': 'https://i.ytimg.com/vi/pLg5zInqLmA/mqdefault.jpg', 'width': 320, 'height': 180}, 'high': {'url': 'https://i.ytimg.com/vi/pLg5zInqLmA/hqdefault.jpg', 'width': 480, 'height': 360}, 'standard': {'url': 'https://i.ytimg.com/vi/pLg5zInqLmA/sddefault.jpg', 'width': 640, 'height': 480}, 'maxres': {'url': 'https://i.ytimg.com/vi/pLg5zInqLmA/maxresdefault.jpg', 'width': 1280, 'height': 720}}"
LUNA - MEU SONHO NA VASCOTV,OYwX6gR3H7E,"Fechado com o VascÃ£o? Vem com a Betfair! BÃ´nus de atÃ© R$300 pra vocÃª comeÃ§ar com tudo! ğŸ’¢

â¡ï¸ https://promotions.betfair.com/prs/sports-br-vasco-r300-zbivas
 
âš ï¸ 18+. Jogue com responsabilidade. T&Cs se aplicam.

______________

Inscreva-se na #VascoTV.

Seja um SÃ³cio Gigante: http://sociogigante.com

Siga o Vasco nas redes sociais:

ğ•€ğ•Ÿğ•¤ğ•¥ğ•’ğ•˜ğ•£ğ•’ğ•: https://www.instagram.com/vascodagama
ğ•‹ğ•šğ•œğ•‹ğ• ğ•œ: https://www.tiktok.com/@vasco
ğ•‹ğ•¨ğ•šğ•¥ğ•¥ğ•–ğ•£: https://twitter.com/VascodaGama
ğ”½ğ•’ğ•”ğ•–ğ•“ğ• ğ• ğ•œ: https://www.facebook.com/VascodaGama

#Vasco",2024-06-01T01:14:36Z,2024-06-18 18:06:34.827449,4206,41162,169,"{'default': {'url': 'https://i.ytimg.com/vi/OYwX6gR3H7E/default.jpg', 'width': 120, 'height': 90}, 'medium': {'url': 'https://i.ytimg.com/vi/OYwX6gR3H7E/mqdefault.jpg', 'width': 320, 'height': 180}, 'high': {'url': 'https://i.ytimg.com/vi/OYwX6gR3H7E/hqdefault.jpg', 'width': 480, 'height': 360}, 'standard': {'url': 'https://i.ytimg.com/vi/OYwX6gR3H7E/sddefault.jpg', 'width': 640, 'height': 480}, 'maxres': {'url': 'https://i.ytimg.com/vi/OYwX6gR3H7E/maxresdefault.jpg', 'width': 1280, 'height': 720}}"
AO VIVO - APRESENTAÃ‡Ã•ES: ÃLVARO PACHECO e PEDRO MARTINS | VASCOTV,96D3INy1AWQ,"Fechado com o VascÃ£o? Vem com a Betfair! BÃ´nus de atÃ© R$300 pra vocÃª comeÃ§ar com tudo! ğŸ’¢

â¡ï¸ https://promotions.betfair.com/prs/sports-br-vasco-r300-zbivas
 
âš ï¸ 18+. Jogue com responsabilidade. T&Cs se aplicam.

______________

Inscreva-se na #VascoTV.

Seja um SÃ³cio Gigante: http://sociogigante.com

Siga o Vasco nas redes sociais:

ğ•€ğ•Ÿğ•¤ğ•¥ğ•’ğ•˜ğ•£ğ•’ğ•: https://www.instagram.com/vascodagama
ğ•‹ğ•šğ•œğ•‹ğ• ğ•œ: https://www.tiktok.com/@vasco
ğ•‹ğ•¨ğ•šğ•¥ğ•¥ğ•–ğ•£: https://twitter.com/VascodaGama
ğ”½ğ•’ğ•”ğ•–ğ•“ğ• ğ• ğ•œ: https://www.facebook.com/VascodaGama

#Vasco",2024-05-31T18:07:09Z,2024-06-18 18:06:34.827449,8536,72845,135,"{'default': {'url': 'https://i.ytimg.com/vi/96D3INy1AWQ/default.jpg', 'width': 120, 'height': 90}, 'medium': {'url': 'https://i.ytimg.com/vi/96D3INy1AWQ/mqdefault.jpg', 'width': 320, 'height': 180}, 'high': {'url': 'https://i.ytimg.com/vi/96D3INy1AWQ/hqdefault.jpg', 'width': 480, 'height': 360}, 'standard': {'url': 'https://i.ytimg.com/vi/96D3INy1AWQ/sddefault.jpg', 'width': 640, 'height': 480}, 'maxres': {'url': 'https://i.ytimg.com/vi/96D3INy1AWQ/maxresdefault.jpg', 'width': 1280, 'height': 720}}"
TREINO 31.05 | VASCOTV,CoIBQpR2m8s,"Inscreva-se na #VascoTV.

Seja um SÃ³cio Gigante: http://sociogigante.com

Siga o Vasco nas redes sociais:

ğ•€ğ•Ÿğ•¤ğ•¥ğ•’ğ•˜ğ•£ğ•’ğ•: https://www.instagram.com/vascodagama
ğ•‹ğ•šğ•œğ•‹ğ• ğ•œ: https://www.tiktok.com/@vasco
ğ•‹ğ•¨ğ•šğ•¥ğ•¥ğ•–ğ•£: https://twitter.com/VascodaGama
ğ”½ğ•’ğ•”ğ•–ğ•“ğ• ğ• ğ•œ: https://www.facebook.com/VascodaGama

#Vasco",2024-05-31T18:03:09Z,2024-06-18 18:06:34.827449,4049,41486,163,"{'default': {'url': 'https://i.ytimg.com/vi/CoIBQpR2m8s/default.jpg', 'width': 120, 'height': 90}, 'medium': {'url': 'https://i.ytimg.com/vi/CoIBQpR2m8s/mqdefault.jpg', 'width': 320, 'height': 180}, 'high': {'url': 'https://i.ytimg.com/vi/CoIBQpR2m8s/hqdefault.jpg', 'width': 480, 'height': 360}, 'standard': {'url': 'https://i.ytimg.com/vi/CoIBQpR2m8s/sddefault.jpg', 'width': 640, 'height': 480}, 'maxres': {'url': 'https://i.ytimg.com/vi/CoIBQpR2m8s/maxresdefault.jpg', 'width': 1280, 'height': 720}}"
PRÃ‰ JOGO DO MAD T.01 EP.03 | VASCOTV,cWvri0hP6hc,"Fechado com o VascÃ£o? Vem com a Betfair! BÃ´nus de atÃ© R$300 pra vocÃª comeÃ§ar com tudo.

https://promotions.betfair.com/prs/sports-br-vasco-r300-zbivas
 
18+. Jogue com responsabilidade. T&Cs se aplicam

______________

Inscreva-se na #VascoTV.
â€”â€”â€”â€”â€”â€”â€”â€”
Seja um SÃ³cio Gigante: http://sociogigante.com

Siga o Vasco nas redes sociais:

ğ•€ğ•Ÿğ•¤ğ•¥ğ•’ğ•˜ğ•£ğ•’ğ•: https://www.instagram.com/vascodagama
ğ•‹ğ•šğ•œğ•‹ğ• ğ•œ: https://www.tiktok.com/@vasco
ğ•‹ğ•¨ğ•šğ•¥ğ•¥ğ•–ğ•£: https://twitter.com/VascodaGama
ğ”½ğ•’ğ•”ğ•–ğ•“ğ• ğ• ğ•œ: https://www.facebook.com/VascodaGama

#Vasco",2024-05-30T23:00:21Z,2024-06-18 18:06:34.827449,862,10456,39,"{'default': {'url': 'https://i.ytimg.com/vi/cWvri0hP6hc/default.jpg', 'width': 120, 'height': 90}, 'medium': {'url': 'https://i.ytimg.com/vi/cWvri0hP6hc/mqdefault.jpg', 'width': 320, 'height': 180}, 'high': {'url': 'https://i.ytimg.com/vi/cWvri0hP6hc/hqdefault.jpg', 'width': 480, 'height': 360}, 'standard': {'url': 'https://i.ytimg.com/vi/cWvri0hP6hc/sddefault.jpg', 'width': 640, 'height': 480}, 'maxres': {'url': 'https://i.ytimg.com/vi/cWvri0hP6hc/maxresdefault.jpg', 'width': 1280, 'height': 720}}"
TREINO 30.5 | VASCOTV,fKin9wfTivY,,2024-05-30T18:27:49Z,2024-06-18 18:06:34.827449,4718,44792,101,"{'default': {'url': 'https://i.ytimg.com/vi/fKin9wfTivY/default.jpg', 'width': 120, 'height': 90}, 'medium': {'url': 'https://i.ytimg.com/vi/fKin9wfTivY/mqdefault.jpg', 'width': 320, 'height': 180}, 'high': {'url': 'https://i.ytimg.com/vi/fKin9wfTivY/hqdefault.jpg', 'width': 480, 'height': 360}, 'standard': {'url': 'https://i.ytimg.com/vi/fKin9wfTivY/sddefault.jpg', 'width': 640, 'height': 480}, 'maxres': {'url': 'https://i.ytimg.com/vi/fKin9wfTivY/maxresdefault.jpg', 'width': 1280, 'height': 720}}"
AO VIVO - FLAMENGO x VASCO | COPA RIO SUB15 - SEMIFINAL (IDA),tTj4dhf17hk,"______________

Inscreva-se na #VascoTV.

Seja um SÃ³cio Gigante: http://sociogigante.com

Siga o Vasco nas redes sociais:

ğ•€ğ•Ÿğ•¤ğ•¥ğ•’ğ•˜ğ•£ğ•’ğ•: https://www.instagram.com/vascodagama
ğ•‹ğ•šğ•œğ•‹ğ• ğ•œ: https://www.tiktok.com/@vasco
ğ•‹ğ•¨ğ•šğ•¥ğ•¥ğ•–ğ•£: https://twitter.com/VascodaGama
ğ”½ğ•’ğ•”ğ•–ğ•“ğ• ğ• ğ•œ: https://www.facebook.com/VascodaGama

#Vasco",2024-05-30T15:06:19Z,2024-06-18 18:06:34.827449,2439,59580,10,"{'default': {'url': 'https://i.ytimg.com/vi/tTj4dhf17hk/default.jpg', 'width': 120, 'height': 90}, 'medium': {'url': 'https://i.ytimg.com/vi/tTj4dhf17hk/mqdefault.jpg', 'width': 320, 'height': 180}, 'high': {'url': 'https://i.ytimg.com/vi/tTj4dhf17hk/hqdefault.jpg', 'width': 480, 'height': 360}, 'standard': {'url': 'https://i.ytimg.com/vi/tTj4dhf17hk/sddefault.jpg', 'width': 640, 'height': 480}, 'maxres': {'url': 'https://i.ytimg.com/vi/tTj4dhf17hk/maxresdefault.jpg', 'width': 1280, 'height': 720}}"
ENTREVISTA EXCLUSIVA ÃLVARO PACHECO | VASCOTV,74z9ZYe3JGc,"O treinador Ãlvaro Pacheco iniciou seu trabalho no Vasco da Gama na Ãºltima sexta-feira (24) e concedeu sua primeira entrevista exclusiva para Vasco TV apÃ³s o treinamento desta quarta-feira (29), no CT Moacyr Barbosa. 

O comandante falou sobre diversos assuntos, como trabalhar no Brasil, a opÃ§Ã£o por utilizar a boina e o porque em aceitar o desafio de comandar o Gigante da Colina.

______________

Fechado com o VascÃ£o? Vem com a Betfair! BÃ´nus de atÃ© R$300 pra vocÃª comeÃ§ar com tudo.

https://promotions.betfair.com/prs/sports-br-vasco-r300-zbivas
 
18+. Jogue com responsabilidade. T&Cs se aplicam

______________

Inscreva-se na #VascoTV.

Seja um SÃ³cio Gigante: http://sociogigante.com

Siga o Vasco nas redes sociais:

ğ•€ğ•Ÿğ•¤ğ•¥ğ•’ğ•˜ğ•£ğ•’ğ•: https://www.instagram.com/vascodagama
ğ•‹ğ•šğ•œğ•‹ğ• ğ•œ: https://www.tiktok.com/@vasco
ğ•‹ğ•¨ğ•šğ•¥ğ•¥ğ•–ğ•£: https://twitter.com/VascodaGama
ğ”½ğ•’ğ•”ğ•–ğ•“ğ• ğ• ğ•œ: https://www.facebook.com/VascodaGama

#Vasco",2024-05-30T12:11:01Z,2024-06-18 18:06:34.827449,12275,112083,508,"{'default': {'url': 'https://i.ytimg.com/vi/74z9ZYe3JGc/default.jpg', 'width': 120, 'height': 90}, 'medium': {'url': 'https://i.ytimg.com/vi/74z9ZYe3JGc/mqdefault.jpg', 'width': 320, 'height': 180}, 'high': {'url': 'https://i.ytimg.com/vi/74z9ZYe3JGc/hqdefault.jpg', 'width': 480, 'height': 360}, 'standard': {'url': 'https://i.ytimg.com/vi/74z9ZYe3JGc/sddefault.jpg', 'width': 640, 'height': 480}, 'maxres': {'url': 'https://i.ytimg.com/vi/74z9ZYe3JGc/maxresdefault.jpg', 'width': 1280, 'height': 720}}"
TREINO 29.05 | VASCOTV,GDQPZSpdwe8,"VascaÃ­nos de coraÃ§Ã£o tem bÃ´nus de atÃ© R$50, sorteios de camisas oficiais e ingressos VIP.
Vem com o Vasco, vem com a Betfair! ğŸ’¢
â¡ï¸ https://promotions.betfair.com/prs/sports-br-vasco-risk-free-zrfvas?utm_medium=Partnerships&utm_source=18070&utm_campaign=127019&utm_content=8367258&utm_ad=369307&clkID=663056_7dafe105cda043e2a471c4466c81037c&rfr=663056&ttp=111&pid=6015121&bid=11246

âš ï¸ 18+. Jogue com responsabilidade.
Oferta vÃ¡lida para novos clientes.
T&Cs se aplicam.

______________

Inscreva-se na #VascoTV.

Seja um SÃ³cio Gigante: http://sociogigante.com

Siga o Vasco nas redes sociais:

ğ•€ğ•Ÿğ•¤ğ•¥ğ•’ğ•˜ğ•£ğ•’ğ•: https://www.instagram.com/vascodagama
ğ•‹ğ•šğ•œğ•‹ğ• ğ•œ: https://www.tiktok.com/@vasco
ğ•‹ğ•¨ğ•šğ•¥ğ•¥ğ•–ğ•£: https://twitter.com/VascodaGama
ğ”½ğ•’ğ•”ğ•–ğ•“ğ• ğ• ğ•œ: https://www.facebook.com/VascodaGama

#Vasco",2024-05-29T15:59:32Z,2024-06-18 18:06:34.827449,5880,66887,219,"{'default': {'url': 'https://i.ytimg.com/vi/GDQPZSpdwe8/default.jpg', 'width': 120, 'height': 90}, 'medium': {'url': 'https://i.ytimg.com/vi/GDQPZSpdwe8/mqdefault.jpg', 'width': 320, 'height': 180}, 'high': {'url': 'https://i.ytimg.com/vi/GDQPZSpdwe8/hqdefault.jpg', 'width': 480, 'height': 360}, 'standard': {'url': 'https://i.ytimg.com/vi/GDQPZSpdwe8/sddefault.jpg', 'width': 640, 'height': 480}, 'maxres': {'url': 'https://i.ytimg.com/vi/GDQPZSpdwe8/maxresdefault.jpg', 'width': 1280, 'height': 720}}"
TREINO 27.5 | VASCOTV,DZH1ggnD8Iw,"VascaÃ­nos de coraÃ§Ã£o tem bÃ´nus de atÃ© R$50, sorteios de camisas oficiais e ingressos VIP.
Vem com o Vasco, vem com a Betfair! ğŸ’¢
â¡ï¸ https://promotions.betfair.com/prs/sports-br-vasco-risk-free-zrfvas?utm_medium=Partnerships&utm_source=18070&utm_campaign=127019&utm_content=8367258&utm_ad=369307&clkID=663056_7dafe105cda043e2a471c4466c81037c&rfr=663056&ttp=111&pid=6015121&bid=11246

âš ï¸ 18+. Jogue com responsabilidade.
Oferta vÃ¡lida para novos clientes.
T&Cs se aplicam.

______________

Inscreva-se na #VascoTV.

Seja um SÃ³cio Gigante: http://sociogigante.com

Siga o Vasco nas redes sociais:

ğ•€ğ•Ÿğ•¤ğ•¥ğ•’ğ•˜ğ•£ğ•’ğ•: https://www.instagram.com/vascodagama
ğ•‹ğ•šğ•œğ•‹ğ• ğ•œ: https://www.tiktok.com/@vasco
ğ•‹ğ•¨ğ•šğ•¥ğ•¥ğ•–ğ•£: https://twitter.com/VascodaGama
ğ”½ğ•’ğ•”ğ•–ğ•“ğ• ğ• ğ•œ: https://www.facebook.com/VascodaGama

#Vasco",2024-05-27T16:13:12Z,2024-06-18 18:06:34.827449,4767,65587,109,"{'default': {'url': 'https://i.ytimg.com/vi/DZH1ggnD8Iw/default.jpg', 'width': 120, 'height': 90}, 'medium': {'url': 'https://i.ytimg.com/vi/DZH1ggnD8Iw/mqdefault.jpg', 'width': 320, 'height': 180}, 'high': {'url': 'https://i.ytimg.com/vi/DZH1ggnD8Iw/hqdefault.jpg', 'width': 480, 'height': 360}, 'standard': {'url': 'https://i.ytimg.com/vi/DZH1ggnD8Iw/sddefault.jpg', 'width': 640, 'height': 480}, 'maxres': {'url': 'https://i.ytimg.com/vi/DZH1ggnD8Iw/maxresdefault.jpg', 'width': 1280, 'height': 720}}"
TREINO 26.5 | VASCOTV,jOj6ByQAVwg,"VascaÃ­nos de coraÃ§Ã£o tem bÃ´nus de atÃ© R$50, sorteios de camisas oficiais e ingressos VIP.
Vem com o Vasco, vem com a Betfair! ğŸ’¢
â¡ï¸ https://promotions.betfair.com/prs/sports-br-vasco-risk-free-zrfvas?utm_medium=Partnerships&utm_source=18070&utm_campaign=127019&utm_content=8367258&utm_ad=369307&clkID=663056_7dafe105cda043e2a471c4466c81037c&rfr=663056&ttp=111&pid=6015121&bid=11246

âš ï¸ 18+. Jogue com responsabilidade.
Oferta vÃ¡lida para novos clientes.
T&Cs se aplicam.

______________

Inscreva-se na #VascoTV.

Seja um SÃ³cio Gigante: http://sociogigante.com

Siga o Vasco nas redes sociais:

ğ•€ğ•Ÿğ•¤ğ•¥ğ•’ğ•˜ğ•£ğ•’ğ•: https://www.instagram.com/vascodagama
ğ•‹ğ•šğ•œğ•‹ğ• ğ•œ: https://www.tiktok.com/@vasco
ğ•‹ğ•¨ğ•šğ•¥ğ•¥ğ•–ğ•£: https://twitter.com/VascodaGama
ğ”½ğ•’ğ•”ğ•–ğ•“ğ• ğ• ğ•œ: https://www.facebook.com/VascodaGama

#Vasco",2024-05-27T02:37:28Z,2024-06-18 18:06:34.827449,4305,46394,131,"{'default': {'url': 'https://i.ytimg.com/vi/jOj6ByQAVwg/default.jpg', 'width': 120, 'height': 90}, 'medium': {'url': 'https://i.ytimg.com/vi/jOj6ByQAVwg/mqdefault.jpg', 'width': 320, 'height': 180}, 'high': {'url': 'https://i.ytimg.com/vi/jOj6ByQAVwg/hqdefault.jpg', 'width': 480, 'height': 360}, 'standard': {'url': 'https://i.ytimg.com/vi/jOj6ByQAVwg/sddefault.jpg', 'width': 640, 'height': 480}, 'maxres': {'url': 'https://i.ytimg.com/vi/jOj6ByQAVwg/maxresdefault.jpg', 'width': 1280, 'height': 720}}"
TREINO 25.5 | VASCOTV,Lf28Y41T-SI,"Fechado com o VascÃ£o? Vem com a Betfair! BÃ´nus de atÃ© R$300 pra vocÃª comeÃ§ar com tudo.

https://promotions.betfair.com/prs/sports-br-vasco-r300-zbivas
 
18+. Jogue com responsabilidade. T&Cs se aplicam

______________

Inscreva-se na #VascoTV.

Seja um SÃ³cio Gigante: http://sociogigante.com

Siga o Vasco nas redes sociais:

ğ•€ğ•Ÿğ•¤ğ•¥ğ•’ğ•˜ğ•£ğ•’ğ•: https://www.instagram.com/vascodagama
ğ•‹ğ•šğ•œğ•‹ğ• ğ•œ: https://www.tiktok.com/@vasco
ğ•‹ğ•¨ğ•šğ•¥ğ•¥ğ•–ğ•£: https://twitter.com/VascodaGama
ğ”½ğ•’ğ•”ğ•–ğ•“ğ• ğ• ğ•œ: https://www.facebook.com/VascodaGama",2024-05-25T17:07:23Z,2024-06-18 18:06:34.827449,7877,108667,273,"{'default': {'url': 'https://i.ytimg.com/vi/Lf28Y41T-SI/default.jpg', 'width': 120, 'height': 90}, 'medium': {'url': 'https://i.ytimg.com/vi/Lf28Y41T-SI/mqdefault.jpg', 'width': 320, 'height': 180}, 'high': {'url': 'https://i.ytimg.com/vi/Lf28Y41T-SI/hqdefault.jpg', 'width': 480, 'height': 360}, 'standard': {'url': 'https://i.ytimg.com/vi/Lf28Y41T-SI/sddefault.jpg', 'width': 640, 'height': 480}, 'maxres': {'url': 'https://i.ytimg.com/vi/Lf28Y41T-SI/maxresdefault.jpg', 'width': 1280, 'height': 720}}"
MELHORES MOMENTOS | VASCO 3 x 1 NOVA IGUAÃ‡U | COPA RIO SUB17 - SEMIFINAL (IDA),gW7UtDRVx4o,"VascaÃ­nos de coraÃ§Ã£o tem bÃ´nus de atÃ© R$50, sorteios de camisas oficiais e ingressos VIP.
Vem com o Vasco, vem com a Betfair! ğŸ’¢
â¡ï¸ https://promotions.betfair.com/prs/sports-br-vasco-risk-free-zrfvas?utm_medium=Partnerships&utm_source=18070&utm_campaign=127019&utm_content=8367258&utm_ad=369307&clkID=663056_7dafe105cda043e2a471c4466c81037c&rfr=663056&ttp=111&pid=6015121&bid=11246

âš ï¸ 18+. Jogue com responsabilidade.
Oferta vÃ¡lida para novos clientes.
T&Cs se aplicam.

______________

Inscreva-se na #VascoTV.

Seja um SÃ³cio Gigante: http://sociogigante.com

Siga o Vasco nas redes sociais:

ğ•€ğ•Ÿğ•¤ğ•¥ğ•’ğ•˜ğ•£ğ•’ğ•: https://www.instagram.com/vascodagama
ğ•‹ğ•šğ•œğ•‹ğ• ğ•œ: https://www.tiktok.com/@vasco
ğ•‹ğ•¨ğ•šğ•¥ğ•¥ğ•–ğ•£: https://twitter.com/VascodaGama
ğ”½ğ•’ğ•”ğ•–ğ•“ğ• ğ• ğ•œ: https://www.facebook.com/VascodaGama

#Vasco",2024-05-25T14:39:36Z,2024-06-18 18:06:34.827449,1065,26760,23,"{'default': {'url': 'https://i.ytimg.com/vi/gW7UtDRVx4o/default.jpg', 'width': 120, 'height': 90}, 'medium': {'url': 'https://i.ytimg.com/vi/gW7UtDRVx4o/mqdefault.jpg', 'width': 320, 'height': 180}, 'high': {'url': 'https://i.ytimg.com/vi/gW7UtDRVx4o/hqdefault.jpg', 'width': 480, 'height': 360}, 'standard': {'url': 'https://i.ytimg.com/vi/gW7UtDRVx4o/sddefault.jpg', 'width': 640, 'height': 480}, 'maxres': {'url': 'https://i.ytimg.com/vi/gW7UtDRVx4o/maxresdefault.jpg', 'width': 1280, 'height': 720}}"
AO VIVO - VASCO x NOVA IGUAÃ‡U | COPA RIO SUB17 - SEMIFINAL (IDA),A9O9-qZTt70,"VascaÃ­nos de coraÃ§Ã£o tem bÃ´nus de atÃ© R$50, sorteios de camisas oficiais e ingressos VIP.
Vem com o Vasco, vem com a Betfair! ğŸ’¢
â¡ï¸ https://promotions.betfair.com/prs/sports-br-vasco-risk-free-zrfvas?utm_medium=Partnerships&utm_source=18070&utm_campaign=127019&utm_content=8367258&utm_ad=369307&clkID=663056_7dafe105cda043e2a471c4466c81037c&rfr=663056&ttp=111&pid=6015121&bid=11246

âš ï¸ 18+. Jogue com responsabilidade.
Oferta vÃ¡lida para novos clientes.
T&Cs se aplicam.

______________

Inscreva-se na #VascoTV.

Seja um SÃ³cio Gigante: http://sociogigante.com

Siga o Vasco nas redes sociais:

ğ•€ğ•Ÿğ•¤ğ•¥ğ•’ğ•˜ğ•£ğ•’ğ•: https://www.instagram.com/vascodagama
ğ•‹ğ•šğ•œğ•‹ğ• ğ•œ: https://www.tiktok.com/@vasco
ğ•‹ğ•¨ğ•šğ•¥ğ•¥ğ•–ğ•£: https://twitter.com/VascodaGama
ğ”½ğ•’ğ•”ğ•–ğ•“ğ• ğ• ğ•œ: https://www.facebook.com/VascodaGama

#Vasco",2024-05-25T14:24:27Z,2024-06-18 18:06:34.827449,1898,44178,7,"{'default': {'url': 'https://i.ytimg.com/vi/A9O9-qZTt70/default.jpg', 'width': 120, 'height': 90}, 'medium': {'url': 'https://i.ytimg.com/vi/A9O9-qZTt70/mqdefault.jpg', 'width': 320, 'height': 180}, 'high': {'url': 'https://i.ytimg.com/vi/A9O9-qZTt70/hqdefault.jpg', 'width': 480, 'height': 360}, 'standard': {'url': 'https://i.ytimg.com/vi/A9O9-qZTt70/sddefault.jpg', 'width': 640, 'height': 480}, 'maxres': {'url': 'https://i.ytimg.com/vi/A9O9-qZTt70/maxresdefault.jpg', 'width': 1280, 'height': 720}}"
PRIMEIRO TREINO ÃLVARO PACHECO 24.5 | VASCOTV,sYRKn-CCkRA,"Fechado com o VascÃ£o? Vem com a Betfair! BÃ´nus de atÃ© R$300 pra vocÃª comeÃ§ar com tudo.

https://promotions.betfair.com/prs/sports-br-vasco-r300-zbivas
 
18+. Jogue com responsabilidade. T&Cs se aplicam

______________

Inscreva-se na #VascoTV.

Seja um SÃ³cio Gigante: http://sociogigante.com

Siga o Vasco nas redes sociais:

ğ•€ğ•Ÿğ•¤ğ•¥ğ•’ğ•˜ğ•£ğ•’ğ•: https://www.instagram.com/vascodagama
ğ•‹ğ•šğ•œğ•‹ğ• ğ•œ: https://www.tiktok.com/@vasco
ğ•‹ğ•¨ğ•šğ•¥ğ•¥ğ•–ğ•£: https://twitter.com/VascodaGama
ğ”½ğ•’ğ•”ğ•–ğ•“ğ• ğ• ğ•œ: https://www.facebook.com/VascodaGama",2024-05-24T23:34:52Z,2024-06-18 18:06:34.827449,11907,165177,504,"{'default': {'url': 'https://i.ytimg.com/vi/sYRKn-CCkRA/default.jpg', 'width': 120, 'height': 90}, 'medium': {'url': 'https://i.ytimg.com/vi/sYRKn-CCkRA/mqdefault.jpg', 'width': 320, 'height': 180}, 'high': {'url': 'https://i.ytimg.com/vi/sYRKn-CCkRA/hqdefault.jpg', 'width': 480, 'height': 360}, 'standard': {'url': 'https://i.ytimg.com/vi/sYRKn-CCkRA/sddefault.jpg', 'width': 640, 'height': 480}, 'maxres': {'url': 'https://i.ytimg.com/vi/sYRKn-CCkRA/maxresdefault.jpg', 'width': 1280, 'height': 720}}"
PRÃ‰ JOGO DO MAD T.01 EP.02 | VASCOTV,lWhP-6Y4G6M,"VascaÃ­nos de coraÃ§Ã£o tem bÃ´nus de atÃ© R$50, sorteios de camisas oficiais e ingressos VIP.
Vem com o Vasco, vem com a Betfair! ğŸ’¢
â¡ï¸ https://promotions.betfair.com/prs/sports-br-vasco-risk-free-zrfvas?utm_medium=Partnerships&utm_source=18070&utm_campaign=127019&utm_content=8367258&utm_ad=369307&clkID=663056_7dafe105cda043e2a471c4466c81037c&rfr=663056&ttp=111&pid=6015121&bid=11246

âš ï¸ 18+. Jogue com responsabilidade.
Oferta vÃ¡lida para novos clientes.
T&Cs se aplicam.

______________

Inscreva-se na #VascoTV.

Seja um SÃ³cio Gigante: http://sociogigante.com

Siga o Vasco nas redes sociais:

ğ•€ğ•Ÿğ•¤ğ•¥ğ•’ğ•˜ğ•£ğ•’ğ•: https://www.instagram.com/vascodagama
ğ•‹ğ•šğ•œğ•‹ğ• ğ•œ: https://www.tiktok.com/@vasco
ğ•‹ğ•¨ğ•šğ•¥ğ•¥ğ•–ğ•£: https://twitter.com/VascodaGama
ğ”½ğ•’ğ•”ğ•–ğ•“ğ• ğ• ğ•œ: https://www.facebook.com/VascodaGama

#Vasco",2024-05-23T22:00:26Z,2024-06-18 18:06:34.827449,1337,9783,32,"{'default': {'url': 'https://i.ytimg.com/vi/lWhP-6Y4G6M/default.jpg', 'width': 120, 'height': 90}, 'medium': {'url': 'https://i.ytimg.com/vi/lWhP-6Y4G6M/mqdefault.jpg', 'width': 320, 'height': 180}, 'high': {'url': 'https://i.ytimg.com/vi/lWhP-6Y4G6M/hqdefault.jpg', 'width': 480, 'height': 360}, 'standard': {'url': 'https://i.ytimg.com/vi/lWhP-6Y4G6M/sddefault.jpg', 'width': 640, 'height': 480}, 'maxres': {'url': 'https://i.ytimg.com/vi/lWhP-6Y4G6M/maxresdefault.jpg', 'width': 1280, 'height': 720}}"
BASTIDORES | VASCO 3 (5) X 3 (4) FORTALEZA | VASCOTV,BWxFHmPLsXA,"VascaÃ­nos de coraÃ§Ã£o tem bÃ´nus de atÃ© R$50, sorteios de camisas oficiais e ingressos VIP.
Vem com o Vasco, vem com a Betfair! ğŸ’¢
â¡ï¸ https://promotions.betfair.com/prs/sports-br-vasco-risk-free-zrfvas?utm_medium=Partnerships&utm_source=18070&utm_campaign=127019&utm_content=8367258&utm_ad=369307&clkID=663056_7dafe105cda043e2a471c4466c81037c&rfr=663056&ttp=111&pid=6015121&bid=11246

âš ï¸ 18+. Jogue com responsabilidade.
Oferta vÃ¡lida para novos clientes.
T&Cs se aplicam.

______________

Inscreva-se na #VascoTV.

Seja um SÃ³cio Gigante: http://sociogigante.com

Siga o Vasco nas redes sociais:

ğ•€ğ•Ÿğ•¤ğ•¥ğ•’ğ•˜ğ•£ğ•’ğ•: https://www.instagram.com/vascodagama
ğ•‹ğ•šğ•œğ•‹ğ• ğ•œ: https://www.tiktok.com/@vasco
ğ•‹ğ•¨ğ•šğ•¥ğ•¥ğ•–ğ•£: https://twitter.com/VascodaGama
ğ”½ğ•’ğ•”ğ•–ğ•“ğ• ğ• ğ•œ: https://www.facebook.com/VascodaGama

#Vasco",2024-05-23T00:46:26Z,2024-06-18 18:06:34.827449,19662,207182,674,"{'default': {'url': 'https://i.ytimg.com/vi/BWxFHmPLsXA/default.jpg', 'width': 120, 'height': 90}, 'medium': {'url': 'https://i.ytimg.com/vi/BWxFHmPLsXA/mqdefault.jpg', 'width': 320, 'height': 180}, 'high': {'url': 'https://i.ytimg.com/vi/BWxFHmPLsXA/hqdefault.jpg', 'width': 480, 'height': 360}, 'standard': {'url': 'https://i.ytimg.com/vi/BWxFHmPLsXA/sddefault.jpg', 'width': 640, 'height': 480}, 'maxres': {'url': 'https://i.ytimg.com/vi/BWxFHmPLsXA/maxresdefault.jpg', 'width': 1280, 'height': 720}}"
VASCOTV HOMENAGEIA FELLIPE BASTOS PELAÂ CARREIRA,oy_z-Gp-QY0,"VascaÃ­nos de coraÃ§Ã£o tem bÃ´nus de atÃ© R$50, sorteios de camisas oficiais e ingressos VIP.
Vem com o Vasco, vem com a Betfair! ğŸ’¢
â¡ï¸ https://promotions.betfair.com/prs/sports-br-vasco-risk-free-zrfvas?utm_medium=Partnerships&utm_source=18070&utm_campaign=127019&utm_content=8367258&utm_ad=369307&clkID=663056_7dafe105cda043e2a471c4466c81037c&rfr=663056&ttp=111&pid=6015121&bid=11246

âš ï¸ 18+. Jogue com responsabilidade.
Oferta vÃ¡lida para novos clientes.
T&Cs se aplicam.

______________

Inscreva-se na #VascoTV.

Seja um SÃ³cio Gigante: http://sociogigante.com

Siga o Vasco nas redes sociais:

ğ•€ğ•Ÿğ•¤ğ•¥ğ•’ğ•˜ğ•£ğ•’ğ•: https://www.instagram.com/vascodagama
ğ•‹ğ•šğ•œğ•‹ğ• ğ•œ: https://www.tiktok.com/@vasco
ğ•‹ğ•¨ğ•šğ•¥ğ•¥ğ•–ğ•£: https://twitter.com/VascodaGama
ğ”½ğ•’ğ•”ğ•–ğ•“ğ• ğ• ğ•œ: https://www.facebook.com/VascodaGama

#Vasco",2024-05-22T19:59:45Z,2024-06-18 18:06:34.827449,2030,34525,68,"{'default': {'url': 'https://i.ytimg.com/vi/oy_z-Gp-QY0/default.jpg', 'width': 120, 'height': 90}, 'medium': {'url': 'https://i.ytimg.com/vi/oy_z-Gp-QY0/mqdefault.jpg', 'width': 320, 'height': 180}, 'high': {'url': 'https://i.ytimg.com/vi/oy_z-Gp-QY0/hqdefault.jpg', 'width': 480, 'height': 360}, 'standard': {'url': 'https://i.ytimg.com/vi/oy_z-Gp-QY0/sddefault.jpg', 'width': 640, 'height': 480}, 'maxres': {'url': 'https://i.ytimg.com/vi/oy_z-Gp-QY0/maxresdefault.jpg', 'width': 1280, 'height': 720}}"
EXCLUSIVA LÃ‰O JARDIM | VASCOTV,1bcd8SQtnjs,"VascaÃ­nos de coraÃ§Ã£o tem bÃ´nus de atÃ© R$50, sorteios de camisas oficiais e ingressos VIP.
Vem com o Vasco, vem com a Betfair! ğŸ’¢
â¡ï¸ https://promotions.betfair.com/prs/sports-br-vasco-risk-free-zrfvas?utm_medium=Partnerships&utm_source=18070&utm_campaign=127019&utm_content=8367258&utm_ad=369307&clkID=663056_7dafe105cda043e2a471c4466c81037c&rfr=663056&ttp=111&pid=6015121&bid=11246

âš ï¸ 18+. Jogue com responsabilidade.
Oferta vÃ¡lida para novos clientes.
T&Cs se aplicam.

______________

Inscreva-se na #VascoTV.

Seja um SÃ³cio Gigante: http://sociogigante.com

Siga o Vasco nas redes sociais:

ğ•€ğ•Ÿğ•¤ğ•¥ğ•’ğ•˜ğ•£ğ•’ğ•: https://www.instagram.com/vascodagama
ğ•‹ğ•šğ•œğ•‹ğ• ğ•œ: https://www.tiktok.com/@vasco
ğ•‹ğ•¨ğ•šğ•¥ğ•¥ğ•–ğ•£: https://twitter.com/VascodaGama
ğ”½ğ•’ğ•”ğ•–ğ•“ğ• ğ• ğ•œ: https://www.facebook.com/VascodaGama

#Vasco",2024-05-22T18:26:30Z,2024-06-18 18:06:34.827449,2368,17205,41,"{'default': {'url': 'https://i.ytimg.com/vi/1bcd8SQtnjs/default.jpg', 'width': 120, 'height': 90}, 'medium': {'url': 'https://i.ytimg.com/vi/1bcd8SQtnjs/mqdefault.jpg', 'width': 320, 'height': 180}, 'high': {'url': 'https://i.ytimg.com/vi/1bcd8SQtnjs/hqdefault.jpg', 'width': 480, 'height': 360}, 'standard': {'url': 'https://i.ytimg.com/vi/1bcd8SQtnjs/sddefault.jpg', 'width': 640, 'height': 480}, 'maxres': {'url': 'https://i.ytimg.com/vi/1bcd8SQtnjs/maxresdefault.jpg', 'width': 1280, 'height': 720}}"
ZONA MISTA VASCO X FORTALEZA | VASCOTV,LXKihktcrnI,"VascaÃ­nos de coraÃ§Ã£o tem bÃ´nus de atÃ© R$50, sorteios de camisas oficiais e ingressos VIP.
Vem com o Vasco, vem com a Betfair! ğŸ’¢
â¡ï¸ https://promotions.betfair.com/prs/sports-br-vasco-risk-free-zrfvas?utm_medium=Partnerships&utm_source=18070&utm_campaign=127019&utm_content=8367258&utm_ad=369307&clkID=663056_7dafe105cda043e2a471c4466c81037c&rfr=663056&ttp=111&pid=6015121&bid=11246

âš ï¸ 18+. Jogue com responsabilidade.
Oferta vÃ¡lida para novos clientes.
T&Cs se aplicam.

______________

Inscreva-se na #VascoTV.

Seja um SÃ³cio Gigante: http://sociogigante.com

Siga o Vasco nas redes sociais:

ğ•€ğ•Ÿğ•¤ğ•¥ğ•’ğ•˜ğ•£ğ•’ğ•: https://www.instagram.com/vascodagama
ğ•‹ğ•šğ•œğ•‹ğ• ğ•œ: https://www.tiktok.com/@vasco
ğ•‹ğ•¨ğ•šğ•¥ğ•¥ğ•–ğ•£: https://twitter.com/VascodaGama
ğ”½ğ•’ğ•”ğ•–ğ•“ğ• ğ• ğ•œ: https://www.facebook.com/VascodaGama

#Vasco",2024-05-22T03:55:04Z,2024-06-18 18:06:34.827449,3401,39356,78,"{'default': {'url': 'https://i.ytimg.com/vi/LXKihktcrnI/default.jpg', 'width': 120, 'height': 90}, 'medium': {'url': 'https://i.ytimg.com/vi/LXKihktcrnI/mqdefault.jpg', 'width': 320, 'height': 180}, 'high': {'url': 'https://i.ytimg.com/vi/LXKihktcrnI/hqdefault.jpg', 'width': 480, 'height': 360}, 'standard': {'url': 'https://i.ytimg.com/vi/LXKihktcrnI/sddefault.jpg', 'width': 640, 'height': 480}, 'maxres': {'url': 'https://i.ytimg.com/vi/LXKihktcrnI/maxresdefault.jpg', 'width': 1280, 'height': 720}}"
ENTREVISTA COLETIVA  - VASCO x FORTELEZA | AO VIVO - VASCOTV,_QPpQ1Nzx60,"VascaÃ­nos de coraÃ§Ã£o tem bÃ´nus de atÃ© R$50, sorteios de camisas oficiais e ingressos VIP.
Vem com o Vasco, vem com a Betfair! ğŸ’¢
â¡ï¸ https://promotions.betfair.com/prs/sports-br-vasco-risk-free-zrfvas?utm_medium=Partnerships&utm_source=18070&utm_campaign=127019&utm_content=8367258&utm_ad=369307&clkID=663056_7dafe105cda043e2a471c4466c81037c&rfr=663056&ttp=111&pid=6015121&bid=11246

âš ï¸ 18+. Jogue com responsabilidade.
Oferta vÃ¡lida para novos clientes.
T&Cs se aplicam.

______________

Inscreva-se na #VascoTV.

Seja um SÃ³cio Gigante: http://sociogigante.com

Siga o Vasco nas redes sociais:

ğ•€ğ•Ÿğ•¤ğ•¥ğ•’ğ•˜ğ•£ğ•’ğ•: https://www.instagram.com/vascodagama
ğ•‹ğ•šğ•œğ•‹ğ• ğ•œ: https://www.tiktok.com/@vasco
ğ•‹ğ•¨ğ•šğ•¥ğ•¥ğ•–ğ•£: https://twitter.com/VascodaGama
ğ”½ğ•’ğ•”ğ•–ğ•“ğ• ğ• ğ•œ: https://www.facebook.com/VascodaGama

#Vasco",2024-05-22T03:50:34Z,2024-06-18 18:06:34.827449,3020,21914,67,"{'default': {'url': 'https://i.ytimg.com/vi/_QPpQ1Nzx60/default.jpg', 'width': 120, 'height': 90}, 'medium': {'url': 'https://i.ytimg.com/vi/_QPpQ1Nzx60/mqdefault.jpg', 'width': 320, 'height': 180}, 'high': {'url': 'https://i.ytimg.com/vi/_QPpQ1Nzx60/hqdefault.jpg', 'width': 480, 'height': 360}, 'standard': {'url': 'https://i.ytimg.com/vi/_QPpQ1Nzx60/sddefault.jpg', 'width': 640, 'height': 480}, 'maxres': {'url': 'https://i.ytimg.com/vi/_QPpQ1Nzx60/maxresdefault.jpg', 'width': 1280, 'height': 720}}"
MELHORES MOMENTOS |  VASCO 3 (5) x (4) 3 FORTALEZA | VASCOTV,-WqJSAXkvn0,"VascaÃ­nos de coraÃ§Ã£o tem bÃ´nus de atÃ© R$50, sorteios de camisas oficiais e ingressos VIP.
Vem com o Vasco, vem com a Betfair! ğŸ’¢
â¡ï¸ https://promotions.betfair.com/prs/sports-br-vasco-risk-free-zrfvas?utm_medium=Partnerships&utm_source=18070&utm_campaign=127019&utm_content=8367258&utm_ad=369307&clkID=663056_7dafe105cda043e2a471c4466c81037c&rfr=663056&ttp=111&pid=6015121&bid=11246

âš ï¸ 18+. Jogue com responsabilidade.
Oferta vÃ¡lida para novos clientes.
T&Cs se aplicam.

______________

Inscreva-se na #VascoTV.

Seja um SÃ³cio Gigante: http://sociogigante.com

Siga o Vasco nas redes sociais:

ğ•€ğ•Ÿğ•¤ğ•¥ğ•’ğ•˜ğ•£ğ•’ğ•: https://www.instagram.com/vascodagama
ğ•‹ğ•šğ•œğ•‹ğ• ğ•œ: https://www.tiktok.com/@vasco
ğ•‹ğ•¨ğ•šğ•¥ğ•¥ğ•–ğ•£: https://twitter.com/VascodaGama
ğ”½ğ•’ğ•”ğ•–ğ•“ğ• ğ• ğ•œ: https://www.facebook.com/VascodaGama

#Vasco",2024-05-22T03:41:38Z,2024-06-18 18:06:34.827449,5365,140366,203,"{'default': {'url': 'https://i.ytimg.com/vi/-WqJSAXkvn0/default.jpg', 'width': 120, 'height': 90}, 'medium': {'url': 'https://i.ytimg.com/vi/-WqJSAXkvn0/mqdefault.jpg', 'width': 320, 'height': 180}, 'high': {'url': 'https://i.ytimg.com/vi/-WqJSAXkvn0/hqdefault.jpg', 'width': 480, 'height': 360}, 'standard': {'url': 'https://i.ytimg.com/vi/-WqJSAXkvn0/sddefault.jpg', 'width': 640, 'height': 480}, 'maxres': {'url': 'https://i.ytimg.com/vi/-WqJSAXkvn0/maxresdefault.jpg', 'width': 1280, 'height': 720}}"
