title,video_id,video_description,published_date,extraction_date,views,comment,thumbnail
JR Santos encontrou as crianÃ§as da a escolinha oficial do Botafogo no ES,CF_qxuXIiPY,"No Ãºltimo fim de semana, nosso Raio encontrou as crianÃ§as do projeto Estrelas do Futuro, a escolinha oficial do Botafogo no EspÃ­rito Santo, e fez a alegria dos pequenos escolhidos.

Atacante relembrou os tempos de escolinha e fez a alegria da crianÃ§ada. 

Mais informaÃ§Ãµes:
www.estrelacapixaba.com.br
R. Ciro Vieira da Cunha, 487 - Jabour
Tel: +55 27 99857-3832
Coordenador do Projeto - MoisÃ©s 95
Idealizadores: Fernando Paiva e Rommel Rubim

Imagens: Sandro Marinho (Jamal)
EdiÃ§Ã£o: Sandro Marinho (Jamal)

Acompanhe o #Botafogo em todas as redes oficiais do clube.

Site - http://botafogo.com.br/â€‹â€‹â€‹â€‹â€‹â€‹â€‹â€‹â€‹â€‹â€‹â€‹
SÃ³cio torcedor - https://camisa7.botafogo.com.br/
Instagram -  https://www.instagram.com/botafogo/â€‹â€‹ 
Twitter -  https://twitter.com/botafogoâ€‹â€‹â€‹â€‹â€‹â€‹â€‹â€‹â€‹â€‹â€‹â€‹
Facebook -  https://www.facebook.com/botafogoâ€‹â€‹â€‹â€‹
Tiktok - https://www.tiktok.com/@botafogoâ€‹â€‹â€‹â€‹â€‹
Botafogo Store - https://store.botafogo.com.br

Futebol Feminino - 
https://www.instagram.com/botafogofemino 
https://twitter.com/botafogofem

Inscreva-se na #BotafogoTVâ€‹",2024-06-18T16:00:14Z,2024-06-18 18:24:50.720040,1352,39,"{'default': {'url': 'https://i.ytimg.com/vi/CF_qxuXIiPY/default.jpg', 'width': 120, 'height': 90}, 'medium': {'url': 'https://i.ytimg.com/vi/CF_qxuXIiPY/mqdefault.jpg', 'width': 320, 'height': 180}, 'high': {'url': 'https://i.ytimg.com/vi/CF_qxuXIiPY/hqdefault.jpg', 'width': 480, 'height': 360}, 'standard': {'url': 'https://i.ytimg.com/vi/CF_qxuXIiPY/sddefault.jpg', 'width': 640, 'height': 480}, 'maxres': {'url': 'https://i.ytimg.com/vi/CF_qxuXIiPY/maxresdefault.jpg', 'width': 1280, 'height': 720}}"
Bastidores | GrÃªmio 1x2 Botafogo | BrasileirÃ£o,f7iLXkg--lM,"#Bastidores no AR! 

Torcida dÃ¡ show no KlÃ©ber Andrade, FogÃ£o vence o #GrÃªmio com gols de Cuiabano e JÃºnior Santos, e a #BotafogoTV mostra todos os detalhes e emoÃ§Ã£o da partida! 

Imagens: Sandro Marinho (Jamal)
EdiÃ§Ã£o: Romulo Miranda e Sandro Marinho (Jamal)

Acompanhe o #Botafogo em todas as redes oficiais do clube.

Site - http://botafogo.com.br/â€‹â€‹â€‹â€‹â€‹â€‹â€‹â€‹â€‹â€‹â€‹â€‹
SÃ³cio torcedor - https://camisa7.botafogo.com.br/
Instagram -  https://www.instagram.com/botafogo/â€‹â€‹ 
Twitter -  https://twitter.com/botafogoâ€‹â€‹â€‹â€‹â€‹â€‹â€‹â€‹â€‹â€‹â€‹â€‹
Facebook -  https://www.facebook.com/botafogoâ€‹â€‹â€‹â€‹
Tiktok - https://www.tiktok.com/@botafogoâ€‹â€‹â€‹â€‹â€‹
Botafogo Store - https://store.botafogo.com.br

Futebol Feminino - 
https://www.instagram.com/botafogofemino 
https://twitter.com/botafogofem

Inscreva-se na #BotafogoTVâ€‹",2024-06-17T23:00:06Z,2024-06-18 18:24:50.720040,42588,308,"{'default': {'url': 'https://i.ytimg.com/vi/f7iLXkg--lM/default.jpg', 'width': 120, 'height': 90}, 'medium': {'url': 'https://i.ytimg.com/vi/f7iLXkg--lM/mqdefault.jpg', 'width': 320, 'height': 180}, 'high': {'url': 'https://i.ytimg.com/vi/f7iLXkg--lM/hqdefault.jpg', 'width': 480, 'height': 360}, 'standard': {'url': 'https://i.ytimg.com/vi/f7iLXkg--lM/sddefault.jpg', 'width': 640, 'height': 480}, 'maxres': {'url': 'https://i.ytimg.com/vi/f7iLXkg--lM/maxresdefault.jpg', 'width': 1280, 'height': 720}}"
"Que qualidade, meu Glorioso! ğŸ‘ŒğŸ¼ğŸ”¥ #botafogo #brasileirÃ£o",lNA2u-lMA5U,,2024-06-17T21:06:56Z,2024-06-18 18:24:50.720040,11160,30,"{'default': {'url': 'https://i.ytimg.com/vi/lNA2u-lMA5U/default.jpg', 'width': 120, 'height': 90}, 'medium': {'url': 'https://i.ytimg.com/vi/lNA2u-lMA5U/mqdefault.jpg', 'width': 320, 'height': 180}, 'high': {'url': 'https://i.ytimg.com/vi/lNA2u-lMA5U/hqdefault.jpg', 'width': 480, 'height': 360}, 'standard': {'url': 'https://i.ytimg.com/vi/lNA2u-lMA5U/sddefault.jpg', 'width': 640, 'height': 480}, 'maxres': {'url': 'https://i.ytimg.com/vi/lNA2u-lMA5U/maxresdefault.jpg', 'width': 1280, 'height': 720}}"
"ApÃ³s um lindo passe de Luiz Henrique, JÃºnior Santos marca o segundo para o Glorioso! ğŸŸï¸ğŸ”¥",g1BLsCUuTPU,,2024-06-17T19:27:42Z,2024-06-18 18:24:50.720040,17256,16,"{'default': {'url': 'https://i.ytimg.com/vi/g1BLsCUuTPU/default.jpg', 'width': 120, 'height': 90}, 'medium': {'url': 'https://i.ytimg.com/vi/g1BLsCUuTPU/mqdefault.jpg', 'width': 320, 'height': 180}, 'high': {'url': 'https://i.ytimg.com/vi/g1BLsCUuTPU/hqdefault.jpg', 'width': 480, 'height': 360}, 'standard': {'url': 'https://i.ytimg.com/vi/g1BLsCUuTPU/sddefault.jpg', 'width': 640, 'height': 480}, 'maxres': {'url': 'https://i.ytimg.com/vi/g1BLsCUuTPU/maxresdefault.jpg', 'width': 1280, 'height': 720}}"
AO VIVO | Botafogo x Athletico Paranaense | BrasileirÃ£o | 10Âª Rodada,L9szQ-m2I4k,"Hoje tem #BOTAFOGO no EstÃ¡dio Nilton Santos!

#Glorioso enfrenta o Athletico Paranaense pela dÃ©cima rodada do #BrasileirÃ£o 

17:30 - InÃ­cio do prÃ©-jogo
ApresentaÃ§Ã£o: Amanda Oliveira
ComentÃ¡rios: Hanna Santos e AntÃ´nio Carlos

19:00 - InÃ­cio da partida
NarraÃ§Ã£o: Kadu Macri
ComentÃ¡rios: Gabiru
Reportagem: JÃºlia Camacho

Acompanhe o #Glorioso em todas as redes oficiais do clube.

Site - http://botafogo.com.br/â€‹â€‹â€‹â€‹â€‹â€‹â€‹â€‹â€‹â€‹â€‹â€‹
SÃ³cio torcedor - https://camisa7.botafogo.com.br/
Instagram -  https://www.instagram.com/botafogo/â€‹â€‹ 
Twitter -  https://twitter.com/botafogoâ€‹â€‹â€‹â€‹â€‹â€‹â€‹â€‹â€‹â€‹â€‹â€‹
Facebook -  https://www.facebook.com/botafogoâ€‹â€‹â€‹â€‹
Tiktok - https://www.tiktok.com/@botafogoâ€‹â€‹â€‹â€‹â€‹
Botafogo Store - https://store.botafogo.com.br
Futebol Feminino -
https://www.instagram.com/botafogofeminino/ - 
https://twitter.com/botafogofem",2024-06-17T19:23:19Z,2024-06-18 18:24:50.720040,0,0,"{'default': {'url': 'https://i.ytimg.com/vi/L9szQ-m2I4k/default_live.jpg', 'width': 120, 'height': 90}, 'medium': {'url': 'https://i.ytimg.com/vi/L9szQ-m2I4k/mqdefault_live.jpg', 'width': 320, 'height': 180}, 'high': {'url': 'https://i.ytimg.com/vi/L9szQ-m2I4k/hqdefault_live.jpg', 'width': 480, 'height': 360}, 'standard': {'url': 'https://i.ytimg.com/vi/L9szQ-m2I4k/sddefault_live.jpg', 'width': 640, 'height': 480}, 'maxres': {'url': 'https://i.ytimg.com/vi/L9szQ-m2I4k/maxresdefault_live.jpg', 'width': 1280, 'height': 720}}"
"Que achada, Marlon! Muita categoria e tranquilidade para deixar o Cuiabano na cara do gol! ğŸ˜ğŸ”¥",78cn5iXEmVI,,2024-06-17T18:13:40Z,2024-06-18 18:24:50.720040,15743,33,"{'default': {'url': 'https://i.ytimg.com/vi/78cn5iXEmVI/default.jpg', 'width': 120, 'height': 90}, 'medium': {'url': 'https://i.ytimg.com/vi/78cn5iXEmVI/mqdefault.jpg', 'width': 320, 'height': 180}, 'high': {'url': 'https://i.ytimg.com/vi/78cn5iXEmVI/hqdefault.jpg', 'width': 480, 'height': 360}, 'standard': {'url': 'https://i.ytimg.com/vi/78cn5iXEmVI/sddefault.jpg', 'width': 640, 'height': 480}, 'maxres': {'url': 'https://i.ytimg.com/vi/78cn5iXEmVI/maxresdefault.jpg', 'width': 1280, 'height': 720}}"
Mais uma memÃ³ria emocionante de alegria criada com sucesso pelo jacarÃ© ğŸŠ ğŸ¤©ğŸ–¤,FOMKGie6UwQ,,2024-06-17T13:34:51Z,2024-06-18 18:24:50.720040,3382,14,"{'default': {'url': 'https://i.ytimg.com/vi/FOMKGie6UwQ/default.jpg', 'width': 120, 'height': 90}, 'medium': {'url': 'https://i.ytimg.com/vi/FOMKGie6UwQ/mqdefault.jpg', 'width': 320, 'height': 180}, 'high': {'url': 'https://i.ytimg.com/vi/FOMKGie6UwQ/hqdefault.jpg', 'width': 480, 'height': 360}, 'standard': {'url': 'https://i.ytimg.com/vi/FOMKGie6UwQ/sddefault.jpg', 'width': 640, 'height': 480}, 'maxres': {'url': 'https://i.ytimg.com/vi/FOMKGie6UwQ/maxresdefault.jpg', 'width': 1280, 'height': 720}}"
Gols | GrÃªmio 1x2 Botafogo | BrasileirÃ£o,PrGJdoqwYxM,"Confira os gols alvinegros de Cuiabano e JÃºnior Santos com o Ã¢ngulo exclusivo da #BotafogoTV!

Imagens: Sandro Marinho (Jamal) 
EdiÃ§Ã£o: Sandro Marinho (Jamal) 
NarraÃ§Ã£o: Kadu Macri 

Acompanhe o #Botafogo em todas as redes oficiais do clube.

Site - http://botafogo.com.br/â€‹â€‹â€‹â€‹â€‹â€‹â€‹â€‹â€‹â€‹â€‹â€‹
SÃ³cio torcedor - https://camisa7.botafogo.com.br/
Instagram -  https://www.instagram.com/botafogo/â€‹â€‹ 
Twitter -  https://twitter.com/botafogoâ€‹â€‹â€‹â€‹â€‹â€‹â€‹â€‹â€‹â€‹â€‹â€‹
Facebook -  https://www.facebook.com/botafogoâ€‹â€‹â€‹â€‹
Tiktok - https://www.tiktok.com/@botafogoâ€‹â€‹â€‹â€‹â€‹ 
Futebol Feminino - 
https://www.instagram.com/botafogofemino 
https://twitter.com/botafogofem
Botafogo Store - https://store.botafogo.com.br",2024-06-17T12:15:07Z,2024-06-18 18:24:50.720040,7921,56,"{'default': {'url': 'https://i.ytimg.com/vi/PrGJdoqwYxM/default.jpg', 'width': 120, 'height': 90}, 'medium': {'url': 'https://i.ytimg.com/vi/PrGJdoqwYxM/mqdefault.jpg', 'width': 320, 'height': 180}, 'high': {'url': 'https://i.ytimg.com/vi/PrGJdoqwYxM/hqdefault.jpg', 'width': 480, 'height': 360}, 'standard': {'url': 'https://i.ytimg.com/vi/PrGJdoqwYxM/sddefault.jpg', 'width': 640, 'height': 480}, 'maxres': {'url': 'https://i.ytimg.com/vi/PrGJdoqwYxM/maxresdefault.jpg', 'width': 1280, 'height': 720}}"
Agora sim ğŸ˜âš¡ï¸ğŸŠ,KOeSSLwemD0,,2024-06-17T01:49:20Z,2024-06-18 18:24:50.720040,7202,25,"{'default': {'url': 'https://i.ytimg.com/vi/KOeSSLwemD0/default.jpg', 'width': 120, 'height': 90}, 'medium': {'url': 'https://i.ytimg.com/vi/KOeSSLwemD0/mqdefault.jpg', 'width': 320, 'height': 180}, 'high': {'url': 'https://i.ytimg.com/vi/KOeSSLwemD0/hqdefault.jpg', 'width': 480, 'height': 360}, 'standard': {'url': 'https://i.ytimg.com/vi/KOeSSLwemD0/sddefault.jpg', 'width': 640, 'height': 480}, 'maxres': {'url': 'https://i.ytimg.com/vi/KOeSSLwemD0/maxresdefault.jpg', 'width': 1280, 'height': 720}}"
Cariacica Ã© FOGOO ğŸ”¥!,DwnkkkNLgfE,,2024-06-17T01:10:08Z,2024-06-18 18:24:50.720040,11811,25,"{'default': {'url': 'https://i.ytimg.com/vi/DwnkkkNLgfE/default.jpg', 'width': 120, 'height': 90}, 'medium': {'url': 'https://i.ytimg.com/vi/DwnkkkNLgfE/mqdefault.jpg', 'width': 320, 'height': 180}, 'high': {'url': 'https://i.ytimg.com/vi/DwnkkkNLgfE/hqdefault.jpg', 'width': 480, 'height': 360}, 'standard': {'url': 'https://i.ytimg.com/vi/DwnkkkNLgfE/sddefault.jpg', 'width': 640, 'height': 480}, 'maxres': {'url': 'https://i.ytimg.com/vi/DwnkkkNLgfE/maxresdefault.jpg', 'width': 1280, 'height': 720}}"
Coletiva pÃ³s-jogo com Artur Jorge | GrÃªmio x Botafogo | BrasileirÃ£o,xO2H3iyD6is,"Confira como foi a coletiva do treinador Artur Jorge apÃ³s a vitÃ³ria no contra contra o #Gremio em Cariacica, ES.  

Acompanhe o #Botafogo em todas as redes oficiais do clube.


Site - http://botafogo.com.br/â€‹â€‹â€‹â€‹â€‹â€‹â€‹â€‹â€‹â€‹â€‹â€‹
SÃ³cio torcedor - https://camisa7.botafogo.com.br/
Instagram -  https://www.instagram.com/botafogo/â€‹â€‹ 
Twitter -  https://twitter.com/botafogoâ€‹â€‹â€‹â€‹â€‹â€‹â€‹â€‹â€‹â€‹â€‹â€‹
Facebook -  https://www.facebook.com/botafogoâ€‹â€‹â€‹â€‹
Tiktok - https://www.tiktok.com/@botafogoâ€‹â€‹â€‹â€‹â€‹
Futebol Feminino - 
https://www.instagram.com/botafogofeminino
https://twitter.com/botafogofem
Botafogo Store - https://store.botafogo.com.br",2024-06-17T00:47:48Z,2024-06-18 18:24:50.720040,23567,146,"{'default': {'url': 'https://i.ytimg.com/vi/xO2H3iyD6is/default.jpg', 'width': 120, 'height': 90}, 'medium': {'url': 'https://i.ytimg.com/vi/xO2H3iyD6is/mqdefault.jpg', 'width': 320, 'height': 180}, 'high': {'url': 'https://i.ytimg.com/vi/xO2H3iyD6is/hqdefault.jpg', 'width': 480, 'height': 360}, 'standard': {'url': 'https://i.ytimg.com/vi/xO2H3iyD6is/sddefault.jpg', 'width': 640, 'height': 480}, 'maxres': {'url': 'https://i.ytimg.com/vi/xO2H3iyD6is/maxresdefault.jpg', 'width': 1280, 'height': 720}}"
AO VIVO | GrÃªmio x Botafogo | BrasileirÃ£o | 9Âª Rodada,oSL6DUErB28,"Hoje tem #BOTAFOGO!

#Glorioso enfrenta o GrÃªmio pela nona rodada do #BrasileirÃ£o 

17:00 - InÃ­cio do prÃ©-jogo
ApresentaÃ§Ã£o: Amanda Oliveira
ComentÃ¡rios: Hanna Santos e AntÃ´nio Carlos

18:30 - InÃ­cio da partida
NarraÃ§Ã£o: Kadu Macri
ComentÃ¡rios:  Gabiru
Reportagem: JÃºlia Camacho (in loco)

Acompanhe o #Glorioso em todas as redes oficiais do clube.

Site - http://botafogo.com.br/â€‹â€‹â€‹â€‹â€‹â€‹â€‹â€‹â€‹â€‹â€‹â€‹
SÃ³cio torcedor - https://camisa7.botafogo.com.br/
Instagram -  https://www.instagram.com/botafogo/â€‹â€‹ 
Twitter -  https://twitter.com/botafogoâ€‹â€‹â€‹â€‹â€‹â€‹â€‹â€‹â€‹â€‹â€‹â€‹
Facebook -  https://www.facebook.com/botafogoâ€‹â€‹â€‹â€‹
Tiktok - https://www.tiktok.com/@botafogoâ€‹â€‹â€‹â€‹â€‹
Botafogo Store - https://store.botafogo.com.br
Futebol Feminino -
https://www.instagram.com/botafogofeminino/ - 
https://twitter.com/botafogofem",2024-06-17T00:25:12Z,2024-06-18 18:24:50.720040,130390,15,"{'default': {'url': 'https://i.ytimg.com/vi/oSL6DUErB28/default.jpg', 'width': 120, 'height': 90}, 'medium': {'url': 'https://i.ytimg.com/vi/oSL6DUErB28/mqdefault.jpg', 'width': 320, 'height': 180}, 'high': {'url': 'https://i.ytimg.com/vi/oSL6DUErB28/hqdefault.jpg', 'width': 480, 'height': 360}, 'standard': {'url': 'https://i.ytimg.com/vi/oSL6DUErB28/sddefault.jpg', 'width': 640, 'height': 480}, 'maxres': {'url': 'https://i.ytimg.com/vi/oSL6DUErB28/maxresdefault.jpg', 'width': 1280, 'height': 720}}"
E teve festa da torcida capixaba na chegada do #Botafogo em VitÃ³ria- ES,wln-FVdqMLk,,2024-06-16T19:34:51Z,2024-06-18 18:24:50.720040,12920,49,"{'default': {'url': 'https://i.ytimg.com/vi/wln-FVdqMLk/default.jpg', 'width': 120, 'height': 90}, 'medium': {'url': 'https://i.ytimg.com/vi/wln-FVdqMLk/mqdefault.jpg', 'width': 320, 'height': 180}, 'high': {'url': 'https://i.ytimg.com/vi/wln-FVdqMLk/hqdefault.jpg', 'width': 480, 'height': 360}, 'standard': {'url': 'https://i.ytimg.com/vi/wln-FVdqMLk/sddefault.jpg', 'width': 640, 'height': 480}, 'maxres': {'url': 'https://i.ytimg.com/vi/wln-FVdqMLk/maxresdefault.jpg', 'width': 1280, 'height': 720}}"
Botafogo desembarca no Espirito Santo e Ã© recebido pela torcida,WCKHKEpsYBg,"Com festa da torcida na porta do hotel, Glorioso chega no Espirito Santo duelo contra #Gremio pelo #BrasileirÃ£o . 

Imagens: Sandro Marinho ""Jamal""
EdiÃ§Ã£o: Sandro Marinho ""Jamal""

Acompanhe o #Botafogo em todas as redes oficiais do clube.

Site - http://botafogo.com.br/â€‹â€‹â€‹â€‹â€‹â€‹â€‹â€‹â€‹â€‹â€‹â€‹
SÃ³cio torcedor - https://camisa7.botafogo.com.br/
Instagram -  https://www.instagram.com/botafogo/â€‹â€‹ 
Twitter -  https://twitter.com/botafogoâ€‹â€‹â€‹â€‹â€‹â€‹â€‹â€‹â€‹â€‹â€‹â€‹
Facebook -  https://www.facebook.com/botafogoâ€‹â€‹â€‹â€‹
Tiktok - https://www.tiktok.com/@botafogoâ€‹â€‹â€‹â€‹â€‹
Futebol Feminino - 
https://www.instagram.com/botafogofeminino/
https://twitter.com/botafogofem
Botafogo Store - https://store.botafogo.com.br

Inscreva-se na #BotafogoTVâ€‹",2024-06-16T01:07:16Z,2024-06-18 18:24:50.720040,31362,237,"{'default': {'url': 'https://i.ytimg.com/vi/WCKHKEpsYBg/default.jpg', 'width': 120, 'height': 90}, 'medium': {'url': 'https://i.ytimg.com/vi/WCKHKEpsYBg/mqdefault.jpg', 'width': 320, 'height': 180}, 'high': {'url': 'https://i.ytimg.com/vi/WCKHKEpsYBg/hqdefault.jpg', 'width': 480, 'height': 360}, 'standard': {'url': 'https://i.ytimg.com/vi/WCKHKEpsYBg/sddefault.jpg', 'width': 640, 'height': 480}, 'maxres': {'url': 'https://i.ytimg.com/vi/WCKHKEpsYBg/maxresdefault.jpg', 'width': 1280, 'height': 720}}"
NÃƒO Ã‰ QUE FOI MESMO? ğŸ›³ï¸âš¡ #Botafogo,XaRQ-aikcW0,,2024-06-14T21:06:23Z,2024-06-18 18:24:50.720040,7998,86,"{'default': {'url': 'https://i.ytimg.com/vi/XaRQ-aikcW0/default.jpg', 'width': 120, 'height': 90}, 'medium': {'url': 'https://i.ytimg.com/vi/XaRQ-aikcW0/mqdefault.jpg', 'width': 320, 'height': 180}, 'high': {'url': 'https://i.ytimg.com/vi/XaRQ-aikcW0/hqdefault.jpg', 'width': 480, 'height': 360}, 'standard': {'url': 'https://i.ytimg.com/vi/XaRQ-aikcW0/sddefault.jpg', 'width': 640, 'height': 480}, 'maxres': {'url': 'https://i.ytimg.com/vi/XaRQ-aikcW0/maxresdefault.jpg', 'width': 1280, 'height': 720}}"
Junior Santos Ã© do Botafogo atÃ© 2027,wpcvYLquqDU,"âš¡HELLO, JOHN ğŸ“²

Artilheiro da temporada e do Glorioso na histÃ³ria da Conmebol Libertadores, JÃºnior Santos renova com o Botafogo atÃ© dezembro de 2027! 

O RAIO FICA! âš½ğŸŠ #VamosBOTAFOGO  


Imagens: Romulo Miranda
EdiÃ§Ã£o: Romulo Miranda
ProduÃ§Ã£o: Diego Pereira, Fabio de Paula, Marcos Silva, Sandro Marinho ""Jamal""

Acompanhe o #Botafogo em todas as redes oficiais do clube.

Site - http://botafogo.com.br/â€‹â€‹â€‹â€‹â€‹â€‹â€‹â€‹â€‹â€‹â€‹â€‹
SÃ³cio torcedor - https://camisa7.botafogo.com.br/
Instagram -  https://www.instagram.com/botafogo/â€‹â€‹ 
Twitter -  https://twitter.com/botafogoâ€‹â€‹â€‹â€‹â€‹â€‹â€‹â€‹â€‹â€‹â€‹â€‹
Facebook -  https://www.facebook.com/botafogoâ€‹â€‹â€‹â€‹
Tiktok - https://www.tiktok.com/@botafogoâ€‹â€‹â€‹â€‹â€‹
Botafogo Store - https://store.botafogo.com.br

Futebol Feminino - 
https://www.instagram.com/botafogofemino 
https://twitter.com/botafogofem

Inscreva-se na #BotafogoTV",2024-06-14T20:47:04Z,2024-06-18 18:24:50.720040,9411,76,"{'default': {'url': 'https://i.ytimg.com/vi/wpcvYLquqDU/default.jpg', 'width': 120, 'height': 90}, 'medium': {'url': 'https://i.ytimg.com/vi/wpcvYLquqDU/mqdefault.jpg', 'width': 320, 'height': 180}, 'high': {'url': 'https://i.ytimg.com/vi/wpcvYLquqDU/hqdefault.jpg', 'width': 480, 'height': 360}, 'standard': {'url': 'https://i.ytimg.com/vi/wpcvYLquqDU/sddefault.jpg', 'width': 640, 'height': 480}}"
Treino | 14.06,0ExGm80J5gM,"Glorioso segue se preparando para partida contra o GrÃªmio, no EspÃ­rito Santo.

Imagens: Romulo Miranda
EdiÃ§Ã£o: Romulo Miranda

Acompanhe o #Glorioso em todas as redes oficiais do clube.

Site - http://botafogo.com.br/â€‹â€‹â€‹â€‹â€‹â€‹â€‹â€‹â€‹â€‹â€‹â€‹
SÃ³cio torcedor - https://camisa7.botafogo.com.br/
Instagram -  https://www.instagram.com/botafogo/â€‹â€‹ 
Twitter -  https://twitter.com/botafogoâ€‹â€‹â€‹â€‹â€‹â€‹â€‹â€‹â€‹â€‹â€‹â€‹
Facebook -  https://www.facebook.com/botafogoâ€‹â€‹â€‹â€‹
Tiktok - https://www.tiktok.com/@botafogoâ€‹â€‹â€‹â€‹â€‹
Botafogo Store - https://store.botafogo.com.br

Futebol Feminino - 
https://www.instagram.com/botafogofemino 
https://twitter.com/botafogofem

Inscreva-se na #BotafogoTV",2024-06-14T20:25:42Z,2024-06-18 18:24:50.720040,12523,37,"{'default': {'url': 'https://i.ytimg.com/vi/0ExGm80J5gM/default.jpg', 'width': 120, 'height': 90}, 'medium': {'url': 'https://i.ytimg.com/vi/0ExGm80J5gM/mqdefault.jpg', 'width': 320, 'height': 180}, 'high': {'url': 'https://i.ytimg.com/vi/0ExGm80J5gM/hqdefault.jpg', 'width': 480, 'height': 360}, 'standard': {'url': 'https://i.ytimg.com/vi/0ExGm80J5gM/sddefault.jpg', 'width': 640, 'height': 480}, 'maxres': {'url': 'https://i.ytimg.com/vi/0ExGm80J5gM/maxresdefault.jpg', 'width': 1280, 'height': 720}}"
GO CASE |  TIQUINHO X JR SANTOS,lqRiwlL5Q-0,"Cara cara do FogÃ£o ğŸ‘¤ğŸŒŸ

A dupla Tiquinho e Jr. Santos mostrou que o entrosamento nÃ£o Ã© apenas em campo e deram show no desafio da GoCase

Acesse http://gocase.com.br/botafogo e garanta jÃ¡ sua garrafa tÃ©rmica do Glorioso. ğŸ¤©

Imagens: Sandro Marinho ""Jamal""
EdiÃ§Ã£o: Yasmin da Costa
ProduÃ§Ã£o: Clara Panetto 

Acompanhe o #Botafogo em todas as redes oficiais do clube.

Site - http://botafogo.com.br/â€‹â€‹â€‹â€‹â€‹â€‹â€‹â€‹â€‹â€‹â€‹â€‹
SÃ³cio torcedor - https://camisa7.botafogo.com.br/
Instagram -  https://www.instagram.com/botafogo/â€‹â€‹ 
Twitter -  https://twitter.com/botafogoâ€‹â€‹â€‹â€‹â€‹â€‹â€‹â€‹â€‹â€‹â€‹â€‹
Facebook -  https://www.facebook.com/botafogoâ€‹â€‹â€‹â€‹
Tiktok - https://www.tiktok.com/@botafogoâ€‹â€‹â€‹â€‹â€‹
Botafogo Store - https://store.botafogo.com.br

Futebol Feminino - 
https://www.instagram.com/botafogofemino 
https://twitter.com/botafogofem

Inscreva-se na #BotafogoTV",2024-06-14T13:00:46Z,2024-06-18 18:24:50.720040,12400,31,"{'default': {'url': 'https://i.ytimg.com/vi/lqRiwlL5Q-0/default.jpg', 'width': 120, 'height': 90}, 'medium': {'url': 'https://i.ytimg.com/vi/lqRiwlL5Q-0/mqdefault.jpg', 'width': 320, 'height': 180}, 'high': {'url': 'https://i.ytimg.com/vi/lqRiwlL5Q-0/hqdefault.jpg', 'width': 480, 'height': 360}, 'standard': {'url': 'https://i.ytimg.com/vi/lqRiwlL5Q-0/sddefault.jpg', 'width': 640, 'height': 480}, 'maxres': {'url': 'https://i.ytimg.com/vi/lqRiwlL5Q-0/maxresdefault.jpg', 'width': 1280, 'height': 720}}"
Treino | ReapresentaÃ§Ã£o,4migNk6cfVA,"Botafogo se reapresenta apÃ³s vitÃ³ria no clÃ¡ssico contra o Fluminense.

Elenco inicia preparaÃ§Ã£o para partida contra o GrÃªmio, no EspÃ­rito Santo.

Imagens: Romulo Miranda
EdiÃ§Ã£o: Romulo Miranda

Acompanhe o #Glorioso em todas as redes oficiais do clube.

Site - http://botafogo.com.br/â€‹â€‹â€‹â€‹â€‹â€‹â€‹â€‹â€‹â€‹â€‹â€‹
SÃ³cio torcedor - https://camisa7.botafogo.com.br/
Instagram -  https://www.instagram.com/botafogo/â€‹â€‹ 
Twitter -  https://twitter.com/botafogoâ€‹â€‹â€‹â€‹â€‹â€‹â€‹â€‹â€‹â€‹â€‹â€‹
Facebook -  https://www.facebook.com/botafogoâ€‹â€‹â€‹â€‹
Tiktok - https://www.tiktok.com/@botafogoâ€‹â€‹â€‹â€‹â€‹
Botafogo Store - https://store.botafogo.com.br

Futebol Feminino - 
https://www.instagram.com/botafogofemino 
https://twitter.com/botafogofem

Inscreva-se na #BotafogoTV",2024-06-13T22:30:35Z,2024-06-18 18:24:50.720040,12880,58,"{'default': {'url': 'https://i.ytimg.com/vi/4migNk6cfVA/default.jpg', 'width': 120, 'height': 90}, 'medium': {'url': 'https://i.ytimg.com/vi/4migNk6cfVA/mqdefault.jpg', 'width': 320, 'height': 180}, 'high': {'url': 'https://i.ytimg.com/vi/4migNk6cfVA/hqdefault.jpg', 'width': 480, 'height': 360}, 'standard': {'url': 'https://i.ytimg.com/vi/4migNk6cfVA/sddefault.jpg', 'width': 640, 'height': 480}, 'maxres': {'url': 'https://i.ytimg.com/vi/4migNk6cfVA/maxresdefault.jpg', 'width': 1280, 'height': 720}}"
"Vibra, torcida Alvinegra! ğŸ”¥â­ï¸ #botafogo #brasileirao2024",SuQdVGr4rFk,,2024-06-13T16:40:07Z,2024-06-18 18:24:50.720040,20771,65,"{'default': {'url': 'https://i.ytimg.com/vi/SuQdVGr4rFk/default.jpg', 'width': 120, 'height': 90}, 'medium': {'url': 'https://i.ytimg.com/vi/SuQdVGr4rFk/mqdefault.jpg', 'width': 320, 'height': 180}, 'high': {'url': 'https://i.ytimg.com/vi/SuQdVGr4rFk/hqdefault.jpg', 'width': 480, 'height': 360}, 'standard': {'url': 'https://i.ytimg.com/vi/SuQdVGr4rFk/sddefault.jpg', 'width': 640, 'height': 480}, 'maxres': {'url': 'https://i.ytimg.com/vi/SuQdVGr4rFk/maxresdefault.jpg', 'width': 1280, 'height': 720}}"
GO CASE | Marlon x JOHN,1_2tCYMPi58,"Cara cara do FogÃ£o ğŸ‘¤ğŸŒŸ


Acesse http://gocase.com.br/botafogo e garanta jÃ¡ sua garrafa tÃ©rmica do Glorioso. ğŸ¤©

Imagens: Sandro Marinho ""Jamal""
EdiÃ§Ã£o: Yasmin da Costa
ProduÃ§Ã£o: Clara Panetto 

Acompanhe o #Botafogo em todas as redes oficiais do clube.

Site - http://botafogo.com.br/â€‹â€‹â€‹â€‹â€‹â€‹â€‹â€‹â€‹â€‹â€‹â€‹
SÃ³cio torcedor - https://camisa7.botafogo.com.br/
Instagram -  https://www.instagram.com/botafogo/â€‹â€‹ 
Twitter -  https://twitter.com/botafogoâ€‹â€‹â€‹â€‹â€‹â€‹â€‹â€‹â€‹â€‹â€‹â€‹
Facebook -  https://www.facebook.com/botafogoâ€‹â€‹â€‹â€‹
Tiktok - https://www.tiktok.com/@botafogoâ€‹â€‹â€‹â€‹â€‹
Botafogo Store - https://store.botafogo.com.br

Futebol Feminino - 
https://www.instagram.com/botafogofemino 
https://twitter.com/botafogofem

Inscreva-se na #BotafogoTV",2024-06-13T15:57:12Z,2024-06-18 18:24:50.720040,12460,24,"{'default': {'url': 'https://i.ytimg.com/vi/1_2tCYMPi58/default.jpg', 'width': 120, 'height': 90}, 'medium': {'url': 'https://i.ytimg.com/vi/1_2tCYMPi58/mqdefault.jpg', 'width': 320, 'height': 180}, 'high': {'url': 'https://i.ytimg.com/vi/1_2tCYMPi58/hqdefault.jpg', 'width': 480, 'height': 360}, 'standard': {'url': 'https://i.ytimg.com/vi/1_2tCYMPi58/sddefault.jpg', 'width': 640, 'height': 480}, 'maxres': {'url': 'https://i.ytimg.com/vi/1_2tCYMPi58/maxresdefault.jpg', 'width': 1280, 'height': 720}}"
EL ZORRO ğŸ”¥ğŸ—¡ï¸,StHOni_fGMg,,2024-06-13T15:31:33Z,2024-06-18 18:24:50.720040,26320,91,"{'default': {'url': 'https://i.ytimg.com/vi/StHOni_fGMg/default.jpg', 'width': 120, 'height': 90}, 'medium': {'url': 'https://i.ytimg.com/vi/StHOni_fGMg/mqdefault.jpg', 'width': 320, 'height': 180}, 'high': {'url': 'https://i.ytimg.com/vi/StHOni_fGMg/hqdefault.jpg', 'width': 480, 'height': 360}, 'standard': {'url': 'https://i.ytimg.com/vi/StHOni_fGMg/sddefault.jpg', 'width': 640, 'height': 480}, 'maxres': {'url': 'https://i.ytimg.com/vi/StHOni_fGMg/maxresdefault.jpg', 'width': 1280, 'height': 720}}"
O tchÃª tchÃª Ã© diferenciado ğŸ’¨ ğŸ–¤ #Botafogo,Mtoy3RbdJ8A,,2024-06-13T01:16:50Z,2024-06-18 18:24:50.720040,35782,116,"{'default': {'url': 'https://i.ytimg.com/vi/Mtoy3RbdJ8A/default.jpg', 'width': 120, 'height': 90}, 'medium': {'url': 'https://i.ytimg.com/vi/Mtoy3RbdJ8A/mqdefault.jpg', 'width': 320, 'height': 180}, 'high': {'url': 'https://i.ytimg.com/vi/Mtoy3RbdJ8A/hqdefault.jpg', 'width': 480, 'height': 360}, 'standard': {'url': 'https://i.ytimg.com/vi/Mtoy3RbdJ8A/sddefault.jpg', 'width': 640, 'height': 480}, 'maxres': {'url': 'https://i.ytimg.com/vi/Mtoy3RbdJ8A/maxresdefault.jpg', 'width': 1280, 'height': 720}}"
VestiÃ¡rio pronto ğŸ”¥,6-ixAT-GRk8,,2024-06-13T00:02:30Z,2024-06-18 18:24:50.720040,5968,23,"{'default': {'url': 'https://i.ytimg.com/vi/6-ixAT-GRk8/default.jpg', 'width': 120, 'height': 90}, 'medium': {'url': 'https://i.ytimg.com/vi/6-ixAT-GRk8/mqdefault.jpg', 'width': 320, 'height': 180}, 'high': {'url': 'https://i.ytimg.com/vi/6-ixAT-GRk8/hqdefault.jpg', 'width': 480, 'height': 360}, 'standard': {'url': 'https://i.ytimg.com/vi/6-ixAT-GRk8/sddefault.jpg', 'width': 640, 'height': 480}, 'maxres': {'url': 'https://i.ytimg.com/vi/6-ixAT-GRk8/maxresdefault.jpg', 'width': 1280, 'height': 720}}"
Bastidores | Botafogo 1x0 Fluminense | BrasileirÃ£o,f1JdbkcXheA,"#Bastidores no AR! 

Com lindo gol de Bastos, #Botafogo faz grande partida e vence clÃ¡ssico vovÃ´.

Em grande partida coletiva e golaÃ§o do Bastos,  Botafogo vence #Fluminense pela oitava rodada do Campeonato Brasileiro, no Nilton Santos. ApÃ³s cobranÃ§a de escanteio, Bastos sobe no Ãºltimo andar e decreta a vitÃ³ria alvinegra.

Imagens: Romulo Miranda e Sandro Marinho (Jamal)
EdiÃ§Ã£o: Romulo Miranda e Sandro Marinho (Jamal)

Acompanhe o #Botafogo em todas as redes oficiais do clube.

Site - http://botafogo.com.br/â€‹â€‹â€‹â€‹â€‹â€‹â€‹â€‹â€‹â€‹â€‹â€‹
SÃ³cio torcedor - https://camisa7.botafogo.com.br/
Instagram -  https://www.instagram.com/botafogo/â€‹â€‹ 
Twitter -  https://twitter.com/botafogoâ€‹â€‹â€‹â€‹â€‹â€‹â€‹â€‹â€‹â€‹â€‹â€‹
Facebook -  https://www.facebook.com/botafogoâ€‹â€‹â€‹â€‹
Tiktok - https://www.tiktok.com/@botafogoâ€‹â€‹â€‹â€‹â€‹
Botafogo Store - https://store.botafogo.com.br

Futebol Feminino - 
https://www.instagram.com/botafogofemino 
https://twitter.com/botafogofem

Inscreva-se na #BotafogoTVâ€‹",2024-06-12T23:10:22Z,2024-06-18 18:24:50.720040,91328,448,"{'default': {'url': 'https://i.ytimg.com/vi/f1JdbkcXheA/default.jpg', 'width': 120, 'height': 90}, 'medium': {'url': 'https://i.ytimg.com/vi/f1JdbkcXheA/mqdefault.jpg', 'width': 320, 'height': 180}, 'high': {'url': 'https://i.ytimg.com/vi/f1JdbkcXheA/hqdefault.jpg', 'width': 480, 'height': 360}, 'standard': {'url': 'https://i.ytimg.com/vi/f1JdbkcXheA/sddefault.jpg', 'width': 640, 'height': 480}, 'maxres': {'url': 'https://i.ytimg.com/vi/f1JdbkcXheA/maxresdefault.jpg', 'width': 1280, 'height': 720}}"
Edit no dia pÃ³s vitÃ³ria Ã© lindo ğŸ‡°ğŸ‡·,qIaa1uBA8Cw,,2024-06-12T20:15:35Z,2024-06-18 18:24:50.720040,6697,28,"{'default': {'url': 'https://i.ytimg.com/vi/qIaa1uBA8Cw/default.jpg', 'width': 120, 'height': 90}, 'medium': {'url': 'https://i.ytimg.com/vi/qIaa1uBA8Cw/mqdefault.jpg', 'width': 320, 'height': 180}, 'high': {'url': 'https://i.ytimg.com/vi/qIaa1uBA8Cw/hqdefault.jpg', 'width': 480, 'height': 360}, 'standard': {'url': 'https://i.ytimg.com/vi/qIaa1uBA8Cw/sddefault.jpg', 'width': 640, 'height': 480}, 'maxres': {'url': 'https://i.ytimg.com/vi/qIaa1uBA8Cw/maxresdefault.jpg', 'width': 1280, 'height': 720}}"
E o cria Yarlen recebendo o carinho do professor ğŸ˜‚,Y0a0W-DTlpI,,2024-06-12T19:21:46Z,2024-06-18 18:24:50.720040,18103,32,"{'default': {'url': 'https://i.ytimg.com/vi/Y0a0W-DTlpI/default.jpg', 'width': 120, 'height': 90}, 'medium': {'url': 'https://i.ytimg.com/vi/Y0a0W-DTlpI/mqdefault.jpg', 'width': 320, 'height': 180}, 'high': {'url': 'https://i.ytimg.com/vi/Y0a0W-DTlpI/hqdefault.jpg', 'width': 480, 'height': 360}, 'standard': {'url': 'https://i.ytimg.com/vi/Y0a0W-DTlpI/sddefault.jpg', 'width': 640, 'height': 480}, 'maxres': {'url': 'https://i.ytimg.com/vi/Y0a0W-DTlpI/maxresdefault.jpg', 'width': 1280, 'height': 720}}"
A torcida do fogÃ£o Ã© romÃ¢ntica ğŸ”¥ğŸ¥°,LLQ3d-gOQBM,,2024-06-12T15:27:02Z,2024-06-18 18:24:50.720040,11616,44,"{'default': {'url': 'https://i.ytimg.com/vi/LLQ3d-gOQBM/default.jpg', 'width': 120, 'height': 90}, 'medium': {'url': 'https://i.ytimg.com/vi/LLQ3d-gOQBM/mqdefault.jpg', 'width': 320, 'height': 180}, 'high': {'url': 'https://i.ytimg.com/vi/LLQ3d-gOQBM/hqdefault.jpg', 'width': 480, 'height': 360}, 'standard': {'url': 'https://i.ytimg.com/vi/LLQ3d-gOQBM/sddefault.jpg', 'width': 640, 'height': 480}, 'maxres': {'url': 'https://i.ytimg.com/vi/LLQ3d-gOQBM/maxresdefault.jpg', 'width': 1280, 'height': 720}}"
Vem na dancinha com o pantera!,MqfKSt8gdP8,,2024-06-12T14:58:21Z,2024-06-18 18:24:50.720040,14475,76,"{'default': {'url': 'https://i.ytimg.com/vi/MqfKSt8gdP8/default.jpg', 'width': 120, 'height': 90}, 'medium': {'url': 'https://i.ytimg.com/vi/MqfKSt8gdP8/mqdefault.jpg', 'width': 320, 'height': 180}, 'high': {'url': 'https://i.ytimg.com/vi/MqfKSt8gdP8/hqdefault.jpg', 'width': 480, 'height': 360}, 'standard': {'url': 'https://i.ytimg.com/vi/MqfKSt8gdP8/sddefault.jpg', 'width': 640, 'height': 480}, 'maxres': {'url': 'https://i.ytimg.com/vi/MqfKSt8gdP8/maxresdefault.jpg', 'width': 1280, 'height': 720}}"
Gol | Botafogo 1x0 Fluminense | BrasileirÃ£o,boh1XKUXaGc,"Confira o gol do bastos com aquele Ã¢ngulo e emoÃ§Ã£o que #BotafogoTV possui! 


Imagens: Romulo Miranda e Sandro Marinho (Jamal) 
EdiÃ§Ã£o: Sandro Marinho (Jamal) 
NarraÃ§Ã£o: Kadu Macri 

Acompanhe o #Botafogo em todas as redes oficiais do clube.

Site - http://botafogo.com.br/â€‹â€‹â€‹â€‹â€‹â€‹â€‹â€‹â€‹â€‹â€‹â€‹
SÃ³cio torcedor - https://camisa7.botafogo.com.br/
Instagram -  https://www.instagram.com/botafogo/â€‹â€‹ 
Twitter -  https://twitter.com/botafogoâ€‹â€‹â€‹â€‹â€‹â€‹â€‹â€‹â€‹â€‹â€‹â€‹
Facebook -  https://www.facebook.com/botafogoâ€‹â€‹â€‹â€‹
Tiktok - https://www.tiktok.com/@botafogoâ€‹â€‹â€‹â€‹â€‹

Futebol Feminino - 
https://www.instagram.com/botafogofemino 
https://twitter.com/botafogofem
Botafogo Store - https://store.botafogo.com.br",2024-06-12T13:00:07Z,2024-06-18 18:24:50.720040,7501,56,"{'default': {'url': 'https://i.ytimg.com/vi/boh1XKUXaGc/default.jpg', 'width': 120, 'height': 90}, 'medium': {'url': 'https://i.ytimg.com/vi/boh1XKUXaGc/mqdefault.jpg', 'width': 320, 'height': 180}, 'high': {'url': 'https://i.ytimg.com/vi/boh1XKUXaGc/hqdefault.jpg', 'width': 480, 'height': 360}, 'standard': {'url': 'https://i.ytimg.com/vi/boh1XKUXaGc/sddefault.jpg', 'width': 640, 'height': 480}, 'maxres': {'url': 'https://i.ytimg.com/vi/boh1XKUXaGc/maxresdefault.jpg', 'width': 1280, 'height': 720}}"
John Textor mandou um recado para a torcida na Botafogo TVğŸ˜ğŸ¥,sRo8Zjkm7bA,"ApÃ³s a vitÃ³ria no clÃ¡ssico com o Fluminense, John Textor passou na transmissÃ£o do canal alvinegro para parabenizar a todos pelo grande resultado. Seguimos juntos, Boss! ğŸ’ªğŸ½â­ï¸",2024-06-12T11:45:03Z,2024-06-18 18:24:50.720040,3788,24,"{'default': {'url': 'https://i.ytimg.com/vi/sRo8Zjkm7bA/default.jpg', 'width': 120, 'height': 90}, 'medium': {'url': 'https://i.ytimg.com/vi/sRo8Zjkm7bA/mqdefault.jpg', 'width': 320, 'height': 180}, 'high': {'url': 'https://i.ytimg.com/vi/sRo8Zjkm7bA/hqdefault.jpg', 'width': 480, 'height': 360}, 'standard': {'url': 'https://i.ytimg.com/vi/sRo8Zjkm7bA/sddefault.jpg', 'width': 640, 'height': 480}, 'maxres': {'url': 'https://i.ytimg.com/vi/sRo8Zjkm7bA/maxresdefault.jpg', 'width': 1280, 'height': 720}}"
Craque Parimatch | Bastos,e_YQ-wUB6vM,"Bastos foi eleito o Craque Parimatch no clÃ¡ssico entre #Botafogo x #Fluminense e recebeu o trofÃ©u do jogo na Botafogo TV!

Acompanhe o #Glorioso em todas as redes oficiais do clube.


Site - http://botafogo.com.br/â€‹â€‹â€‹â€‹â€‹â€‹â€‹â€‹â€‹â€‹â€‹â€‹
SÃ³cio torcedor - https://camisa7.botafogo.com.br/
Instagram -  https://www.instagram.com/botafogo/â€‹â€‹ 
Twitter -  https://twitter.com/botafogoâ€‹â€‹â€‹â€‹â€‹â€‹â€‹â€‹â€‹â€‹â€‹â€‹
Facebook -  https://www.facebook.com/botafogoâ€‹â€‹â€‹â€‹
Tiktok - https://www.tiktok.com/@botafogoâ€‹â€‹â€‹â€‹â€‹
Futebol Feminino - 
https://www.instagram.com/botafogofeminino
https://twitter.com/botafogofem
Botafogo Store - https://store.botafogo.com.br",2024-06-12T03:34:52Z,2024-06-18 18:24:50.720040,9532,56,"{'default': {'url': 'https://i.ytimg.com/vi/e_YQ-wUB6vM/default.jpg', 'width': 120, 'height': 90}, 'medium': {'url': 'https://i.ytimg.com/vi/e_YQ-wUB6vM/mqdefault.jpg', 'width': 320, 'height': 180}, 'high': {'url': 'https://i.ytimg.com/vi/e_YQ-wUB6vM/hqdefault.jpg', 'width': 480, 'height': 360}, 'standard': {'url': 'https://i.ytimg.com/vi/e_YQ-wUB6vM/sddefault.jpg', 'width': 640, 'height': 480}, 'maxres': {'url': 'https://i.ytimg.com/vi/e_YQ-wUB6vM/maxresdefault.jpg', 'width': 1280, 'height': 720}}"
Coletiva pÃ³s-jogo com Artur Jorge | Botafogo x Fluminense | BrasileirÃ£o,PYYnbSE-vvw,"Confira como foi a coletiva do treinador Artur Jorge apÃ³s a vitÃ³ria no clÃ¡ssico contra contra o #Fluminense 

Acompanhe o #Botafogo em todas as redes oficiais do clube.


Site - http://botafogo.com.br/â€‹â€‹â€‹â€‹â€‹â€‹â€‹â€‹â€‹â€‹â€‹â€‹
SÃ³cio torcedor - https://camisa7.botafogo.com.br/
Instagram -  https://www.instagram.com/botafogo/â€‹â€‹ 
Twitter -  https://twitter.com/botafogoâ€‹â€‹â€‹â€‹â€‹â€‹â€‹â€‹â€‹â€‹â€‹â€‹
Facebook -  https://www.facebook.com/botafogoâ€‹â€‹â€‹â€‹
Tiktok - https://www.tiktok.com/@botafogoâ€‹â€‹â€‹â€‹â€‹
Futebol Feminino - 
https://www.instagram.com/botafogofeminino
https://twitter.com/botafogofem
Botafogo Store - https://store.botafogo.com.br",2024-06-12T03:16:47Z,2024-06-18 18:24:50.720040,22810,171,"{'default': {'url': 'https://i.ytimg.com/vi/PYYnbSE-vvw/default.jpg', 'width': 120, 'height': 90}, 'medium': {'url': 'https://i.ytimg.com/vi/PYYnbSE-vvw/mqdefault.jpg', 'width': 320, 'height': 180}, 'high': {'url': 'https://i.ytimg.com/vi/PYYnbSE-vvw/hqdefault.jpg', 'width': 480, 'height': 360}, 'standard': {'url': 'https://i.ytimg.com/vi/PYYnbSE-vvw/sddefault.jpg', 'width': 640, 'height': 480}, 'maxres': {'url': 'https://i.ytimg.com/vi/PYYnbSE-vvw/maxresdefault.jpg', 'width': 1280, 'height': 720}}"
Ã‰ o BOTAFOGO ğŸ”¥,dDlqkUagZyk,,2024-06-12T02:48:09Z,2024-06-18 18:24:50.720040,10011,35,"{'default': {'url': 'https://i.ytimg.com/vi/dDlqkUagZyk/default.jpg', 'width': 120, 'height': 90}, 'medium': {'url': 'https://i.ytimg.com/vi/dDlqkUagZyk/mqdefault.jpg', 'width': 320, 'height': 180}, 'high': {'url': 'https://i.ytimg.com/vi/dDlqkUagZyk/hqdefault.jpg', 'width': 480, 'height': 360}, 'standard': {'url': 'https://i.ytimg.com/vi/dDlqkUagZyk/sddefault.jpg', 'width': 640, 'height': 480}, 'maxres': {'url': 'https://i.ytimg.com/vi/dDlqkUagZyk/maxresdefault.jpg', 'width': 1280, 'height': 720}}"
AO VIVO | Botafogo x Fluminense | BrasileirÃ£o | 8Âª Rodada,ZWcgF5Wtq80,"Hoje tem #BOTAFOGO no EstÃ¡dio Nilton Santos!

#Glorioso enfrenta o Fluminense pela oitava rodada do #BrasileirÃ£o 

18:30 - InÃ­cio do prÃ©-jogo
ApresentaÃ§Ã£o: Amanda Oliveira
ComentÃ¡rios: Hanna Santos e AntÃ´nio Carlos

20:00 - InÃ­cio da partida
NarraÃ§Ã£o: Kadu Macri
ComentÃ¡rios:  Gabiru
Reportagem: JÃºlia Camacho

Acompanhe o #Glorioso em todas as redes oficiais do clube.

Site - http://botafogo.com.br/â€‹â€‹â€‹â€‹â€‹â€‹â€‹â€‹â€‹â€‹â€‹â€‹
SÃ³cio torcedor - https://camisa7.botafogo.com.br/
Instagram -  https://www.instagram.com/botafogo/â€‹â€‹ 
Twitter -  https://twitter.com/botafogoâ€‹â€‹â€‹â€‹â€‹â€‹â€‹â€‹â€‹â€‹â€‹â€‹
Facebook -  https://www.facebook.com/botafogoâ€‹â€‹â€‹â€‹
Tiktok - https://www.tiktok.com/@botafogoâ€‹â€‹â€‹â€‹â€‹
Botafogo Store - https://store.botafogo.com.br
Futebol Feminino -
https://www.instagram.com/botafogofeminino/ - 
https://twitter.com/botafogofem",2024-06-12T02:20:03Z,2024-06-18 18:24:50.720040,162433,10,"{'default': {'url': 'https://i.ytimg.com/vi/ZWcgF5Wtq80/default.jpg', 'width': 120, 'height': 90}, 'medium': {'url': 'https://i.ytimg.com/vi/ZWcgF5Wtq80/mqdefault.jpg', 'width': 320, 'height': 180}, 'high': {'url': 'https://i.ytimg.com/vi/ZWcgF5Wtq80/hqdefault.jpg', 'width': 480, 'height': 360}, 'standard': {'url': 'https://i.ytimg.com/vi/ZWcgF5Wtq80/sddefault.jpg', 'width': 640, 'height': 480}, 'maxres': {'url': 'https://i.ytimg.com/vi/ZWcgF5Wtq80/maxresdefault.jpg', 'width': 1280, 'height': 720}}"
ğŸ¤·ğŸ½â€â™‚ï¸,cg7YXWeoBj4,,2024-06-12T01:37:09Z,2024-06-18 18:24:50.720040,9557,38,"{'default': {'url': 'https://i.ytimg.com/vi/cg7YXWeoBj4/default.jpg', 'width': 120, 'height': 90}, 'medium': {'url': 'https://i.ytimg.com/vi/cg7YXWeoBj4/mqdefault.jpg', 'width': 320, 'height': 180}, 'high': {'url': 'https://i.ytimg.com/vi/cg7YXWeoBj4/hqdefault.jpg', 'width': 480, 'height': 360}, 'standard': {'url': 'https://i.ytimg.com/vi/cg7YXWeoBj4/sddefault.jpg', 'width': 640, 'height': 480}, 'maxres': {'url': 'https://i.ytimg.com/vi/cg7YXWeoBj4/maxresdefault.jpg', 'width': 1280, 'height': 720}}"
Botafogo x Fluminense | International Broadcast,2l_d4UdCxD4,"Day of #BrasileirÃ£o !

#Botafogo faces #Fluminense at #EstadioNiltonSantos for the eighth round of the Brazilian Championship and #BotafogoTV will make an international broadcast, with images, for the alvinegros who live outside the country.

07:45 pm - Start of the pre-game

Narration: Roby Porto

-----------------------------------------------------

Dia de #BrasileirÃ£o !

O #Botafogo enfrenta o #Juventude no #EstadioNiltonSantos pela terceira rodada do Campeonato Brasileiro e a #BotafogoTV vai fazer uma transmissÃ£o internacional, com imagens, para os alvinegros que moram fora do paÃ­s. 

19:45 - InÃ­cio do prÃ©-jogo
NarraÃ§Ã£o: Roby Porto",2024-06-12T01:15:59Z,2024-06-18 18:24:50.720040,4073,8,"{'default': {'url': 'https://i.ytimg.com/vi/2l_d4UdCxD4/default.jpg', 'width': 120, 'height': 90}, 'medium': {'url': 'https://i.ytimg.com/vi/2l_d4UdCxD4/mqdefault.jpg', 'width': 320, 'height': 180}, 'high': {'url': 'https://i.ytimg.com/vi/2l_d4UdCxD4/hqdefault.jpg', 'width': 480, 'height': 360}, 'standard': {'url': 'https://i.ytimg.com/vi/2l_d4UdCxD4/sddefault.jpg', 'width': 640, 'height': 480}, 'maxres': {'url': 'https://i.ytimg.com/vi/2l_d4UdCxD4/maxresdefault.jpg', 'width': 1280, 'height': 720}}"
Andrew na Botafogo TV | Cortes PrÃ©-Jogo,6wU61eI9qb0,"Andrew na Botafogo TV!
Confira a participaÃ§Ã£o do nosso atleta Andrew no prÃ© jogo da Botafogo TV!",2024-06-12T00:53:09Z,2024-06-18 18:24:50.720040,5308,20,"{'default': {'url': 'https://i.ytimg.com/vi/6wU61eI9qb0/default.jpg', 'width': 120, 'height': 90}, 'medium': {'url': 'https://i.ytimg.com/vi/6wU61eI9qb0/mqdefault.jpg', 'width': 320, 'height': 180}, 'high': {'url': 'https://i.ytimg.com/vi/6wU61eI9qb0/hqdefault.jpg', 'width': 480, 'height': 360}, 'standard': {'url': 'https://i.ytimg.com/vi/6wU61eI9qb0/sddefault.jpg', 'width': 640, 'height': 480}, 'maxres': {'url': 'https://i.ytimg.com/vi/6wU61eI9qb0/maxresdefault.jpg', 'width': 1280, 'height': 720}}"
Luis Henrique na Botafogo TV | Cortes PrÃ©-Jogo,DMmRcaBgTuU,"Luis Henrique na Botafogo TV!
Confira a participaÃ§Ã£o do nosso atleta Luis Henrique no prÃ© jogo da Botafogo TV!",2024-06-11T22:03:36Z,2024-06-18 18:24:50.720040,2500,21,"{'default': {'url': 'https://i.ytimg.com/vi/DMmRcaBgTuU/default.jpg', 'width': 120, 'height': 90}, 'medium': {'url': 'https://i.ytimg.com/vi/DMmRcaBgTuU/mqdefault.jpg', 'width': 320, 'height': 180}, 'high': {'url': 'https://i.ytimg.com/vi/DMmRcaBgTuU/hqdefault.jpg', 'width': 480, 'height': 360}, 'standard': {'url': 'https://i.ytimg.com/vi/DMmRcaBgTuU/sddefault.jpg', 'width': 640, 'height': 480}, 'maxres': {'url': 'https://i.ytimg.com/vi/DMmRcaBgTuU/maxresdefault.jpg', 'width': 1280, 'height': 720}}"
"PRA CIMA, MEU FOGÃƒO! Daqui a pouco, Ã s 20h00, tem clÃ¡ssico no NiltÃ£o! BORA! â­ï¸",-3sOdj1GzKA,,2024-06-11T21:31:55Z,2024-06-18 18:24:50.720040,6056,27,"{'default': {'url': 'https://i.ytimg.com/vi/-3sOdj1GzKA/default.jpg', 'width': 120, 'height': 90}, 'medium': {'url': 'https://i.ytimg.com/vi/-3sOdj1GzKA/mqdefault.jpg', 'width': 320, 'height': 180}, 'high': {'url': 'https://i.ytimg.com/vi/-3sOdj1GzKA/hqdefault.jpg', 'width': 480, 'height': 360}, 'standard': {'url': 'https://i.ytimg.com/vi/-3sOdj1GzKA/sddefault.jpg', 'width': 640, 'height': 480}, 'maxres': {'url': 'https://i.ytimg.com/vi/-3sOdj1GzKA/maxresdefault.jpg', 'width': 1280, 'height': 720}}"
Duelo de Basquete | Marlon Freitas x Bastos,XPeiV4_y9kQ,"Clima de #NBAFinals 

Marlon Freitas e Bastos foram para o X1 no basquete e a brincadeira rendeu demais. AtÃ© provocaÃ§Ã£o teve! 
Se liga aÃ­ nos Highlights. 

Imagens: Romulo Miranda 
EdiÃ§Ã£o: Diego Pereira

Acompanhe o #Botafogo em todas as redes oficiais do clube.

Site - http://botafogo.com.br/â€‹â€‹â€‹â€‹â€‹â€‹â€‹â€‹â€‹â€‹â€‹â€‹
SÃ³cio torcedor - https://camisa7.botafogo.com.br/
Instagram -  https://www.instagram.com/botafogo/â€‹â€‹ 
Twitter -  https://twitter.com/botafogoâ€‹â€‹â€‹â€‹â€‹â€‹â€‹â€‹â€‹â€‹â€‹â€‹
Facebook -  https://www.facebook.com/botafogoâ€‹â€‹â€‹â€‹
Tiktok - https://www.tiktok.com/@botafogoâ€‹â€‹â€‹â€‹â€‹
Botafogo Store - https://store.botafogo.com.br

Futebol Feminino - 
https://www.instagram.com/botafogofemino 
https://twitter.com/botafogofem

Inscreva-se na #BotafogoTV",2024-06-11T18:23:17Z,2024-06-18 18:24:50.720040,4091,9,"{'default': {'url': 'https://i.ytimg.com/vi/XPeiV4_y9kQ/default.jpg', 'width': 120, 'height': 90}, 'medium': {'url': 'https://i.ytimg.com/vi/XPeiV4_y9kQ/mqdefault.jpg', 'width': 320, 'height': 180}, 'high': {'url': 'https://i.ytimg.com/vi/XPeiV4_y9kQ/hqdefault.jpg', 'width': 480, 'height': 360}, 'standard': {'url': 'https://i.ytimg.com/vi/XPeiV4_y9kQ/sddefault.jpg', 'width': 640, 'height': 480}, 'maxres': {'url': 'https://i.ytimg.com/vi/XPeiV4_y9kQ/maxresdefault.jpg', 'width': 1280, 'height': 720}}"
Era uma relaÃ§Ã£o quase de um para dez,khf87mK16us,"""Quando comeÃ§amos na SAF, o passivo histÃ³rico do Botafogo era de R$ 1,1 bilhÃ£o e tÃ­nhamos R$ 120 milhÃµes em receitas. Era uma relaÃ§Ã£o quase de um para dez. Em qualquer setor, isso Ã© falÃªncia de longe. No ano passado, conseguimos fechar com R$ 530 milhÃµes de receita.â€ 

Acompanhe o #Botafogo em todas as redes oficiais do clube.

Site - http://botafogo.com.br/â€‹â€‹â€‹â€‹â€‹â€‹â€‹â€‹â€‹â€‹â€‹â€‹
SÃ³cio torcedor - https://camisa7.botafogo.com.br/
Instagram -  https://www.instagram.com/botafogo/â€‹â€‹ 
Twitter -  https://twitter.com/botafogoâ€‹â€‹â€‹â€‹â€‹â€‹â€‹â€‹â€‹â€‹â€‹â€‹
Facebook -  https://www.facebook.com/botafogoâ€‹â€‹â€‹â€‹
Tiktok - https://www.tiktok.com/@botafogoâ€‹â€‹â€‹â€‹â€‹
Botafogo Store - https://store.botafogo.com.br

Futebol Feminino - 
https://www.instagram.com/botafogofemino 
https://twitter.com/botafogofem

Inscreva-se na #BotafogoTV",2024-06-11T15:12:51Z,2024-06-18 18:24:50.720040,4010,25,"{'default': {'url': 'https://i.ytimg.com/vi/khf87mK16us/default.jpg', 'width': 120, 'height': 90}, 'medium': {'url': 'https://i.ytimg.com/vi/khf87mK16us/mqdefault.jpg', 'width': 320, 'height': 180}, 'high': {'url': 'https://i.ytimg.com/vi/khf87mK16us/hqdefault.jpg', 'width': 480, 'height': 360}, 'standard': {'url': 'https://i.ytimg.com/vi/khf87mK16us/sddefault.jpg', 'width': 640, 'height': 480}, 'maxres': {'url': 'https://i.ytimg.com/vi/khf87mK16us/maxresdefault.jpg', 'width': 1280, 'height': 720}}"
Um novo nÃºcleo de saÃºde e performance,ywOcHE3MJ_g,"Acompanhe o #Botafogo em todas as redes oficiais do clube.

Site - http://botafogo.com.br/â€‹â€‹â€‹â€‹â€‹â€‹â€‹â€‹â€‹â€‹â€‹â€‹
SÃ³cio torcedor - https://camisa7.botafogo.com.br/
Instagram -  https://www.instagram.com/botafogo/â€‹â€‹ 
Twitter -  https://twitter.com/botafogoâ€‹â€‹â€‹â€‹â€‹â€‹â€‹â€‹â€‹â€‹â€‹â€‹
Facebook -  https://www.facebook.com/botafogoâ€‹â€‹â€‹â€‹
Tiktok - https://www.tiktok.com/@botafogoâ€‹â€‹â€‹â€‹â€‹
Botafogo Store - https://store.botafogo.com.br

Futebol Feminino - 
https://www.instagram.com/botafogofemino 
https://twitter.com/botafogofem

Inscreva-se na #BotafogoTV",2024-06-11T13:01:04Z,2024-06-18 18:24:50.720040,2722,18,"{'default': {'url': 'https://i.ytimg.com/vi/ywOcHE3MJ_g/default.jpg', 'width': 120, 'height': 90}, 'medium': {'url': 'https://i.ytimg.com/vi/ywOcHE3MJ_g/mqdefault.jpg', 'width': 320, 'height': 180}, 'high': {'url': 'https://i.ytimg.com/vi/ywOcHE3MJ_g/hqdefault.jpg', 'width': 480, 'height': 360}, 'standard': {'url': 'https://i.ytimg.com/vi/ywOcHE3MJ_g/sddefault.jpg', 'width': 640, 'height': 480}, 'maxres': {'url': 'https://i.ytimg.com/vi/ywOcHE3MJ_g/maxresdefault.jpg', 'width': 1280, 'height': 720}}"
Apronto | Botafogo finaliza preparaÃ§Ã£o para o clÃ¡ssico,WWV8R0NKdm8,"Botafogo finaliza a preparaÃ§Ã£o para o clÃ¡ssico contra o Fluminense.

Imagens: Romulo Miranda
EdiÃ§Ã£o: Romulo Miranda

Acompanhe o #Glorioso em todas as redes oficiais do clube.

Site - http://botafogo.com.br/â€‹â€‹â€‹â€‹â€‹â€‹â€‹â€‹â€‹â€‹â€‹â€‹
SÃ³cio torcedor - https://camisa7.botafogo.com.br/
Instagram -  https://www.instagram.com/botafogo/â€‹â€‹ 
Twitter -  https://twitter.com/botafogoâ€‹â€‹â€‹â€‹â€‹â€‹â€‹â€‹â€‹â€‹â€‹â€‹
Facebook -  https://www.facebook.com/botafogoâ€‹â€‹â€‹â€‹
Tiktok - https://www.tiktok.com/@botafogoâ€‹â€‹â€‹â€‹â€‹
Botafogo Store - https://store.botafogo.com.br

Futebol Feminino - 
https://www.instagram.com/botafogofemino 
https://twitter.com/botafogofem

Inscreva-se na #BotafogoTVâ€‹",2024-06-11T00:35:09Z,2024-06-18 18:24:50.720040,7697,37,"{'default': {'url': 'https://i.ytimg.com/vi/WWV8R0NKdm8/default.jpg', 'width': 120, 'height': 90}, 'medium': {'url': 'https://i.ytimg.com/vi/WWV8R0NKdm8/mqdefault.jpg', 'width': 320, 'height': 180}, 'high': {'url': 'https://i.ytimg.com/vi/WWV8R0NKdm8/hqdefault.jpg', 'width': 480, 'height': 360}, 'standard': {'url': 'https://i.ytimg.com/vi/WWV8R0NKdm8/sddefault.jpg', 'width': 640, 'height': 480}, 'maxres': {'url': 'https://i.ytimg.com/vi/WWV8R0NKdm8/maxresdefault.jpg', 'width': 1280, 'height': 720}}"
Botafogo PodCast | Thairo Arruda | EP #7,YVl4fvIwUHE,"No 7Âº episÃ³dio da primeira temporada, o #BotafogoPodcast recebeu o CEO da SAF alvinegra que fala sobre a reestruturaÃ§Ã£o do Clube, modelo de governanÃ§a, planos futuros e muito mais! Vem conferir!

ApresentaÃ§Ã£o: Gabiru e Hanna Santos 
ProduÃ§Ã£o: Amanda Oliveira e Yasmin Costa 
EdiÃ§Ã£o: Diego Pereira
CoordenaÃ§Ã£o: Fernando Morani

Acompanhe o #Glorioso em todas as redes oficiais do clube.

Site - http://botafogo.com.br/â€‹â€‹â€‹â€‹â€‹â€‹â€‹â€‹â€‹â€‹â€‹â€‹
SÃ³cio torcedor - https://camisa7.botafogo.com.br/
Instagram -  https://www.instagram.com/botafogo/â€‹â€‹ 
Twitter -  https://twitter.com/botafogoâ€‹â€‹â€‹â€‹â€‹â€‹â€‹â€‹â€‹â€‹â€‹â€‹
Facebook -  https://www.facebook.com/botafogoâ€‹â€‹â€‹â€‹
Tiktok - https://www.tiktok.com/@botafogoâ€‹â€‹â€‹â€‹â€‹
Botafogo Store - https://store.botafogo.com.br

Futebol Feminino - 
https://www.instagram.com/botafogofemino 
https://twitter.com/botafogofem

Inscreva-se na #botafogotv",2024-06-10T22:00:07Z,2024-06-18 18:24:50.720040,45226,435,"{'default': {'url': 'https://i.ytimg.com/vi/YVl4fvIwUHE/default.jpg', 'width': 120, 'height': 90}, 'medium': {'url': 'https://i.ytimg.com/vi/YVl4fvIwUHE/mqdefault.jpg', 'width': 320, 'height': 180}, 'high': {'url': 'https://i.ytimg.com/vi/YVl4fvIwUHE/hqdefault.jpg', 'width': 480, 'height': 360}, 'standard': {'url': 'https://i.ytimg.com/vi/YVl4fvIwUHE/sddefault.jpg', 'width': 640, 'height': 480}, 'maxres': {'url': 'https://i.ytimg.com/vi/YVl4fvIwUHE/maxresdefault.jpg', 'width': 1280, 'height': 720}}"
HidrataÃ§Ã£o com estilo e elegÃ¢ncia ğŸ˜,z8etqbTEQ44,,2024-06-09T16:10:37Z,2024-06-18 18:24:50.720040,16378,36,"{'default': {'url': 'https://i.ytimg.com/vi/z8etqbTEQ44/default.jpg', 'width': 120, 'height': 90}, 'medium': {'url': 'https://i.ytimg.com/vi/z8etqbTEQ44/mqdefault.jpg', 'width': 320, 'height': 180}, 'high': {'url': 'https://i.ytimg.com/vi/z8etqbTEQ44/hqdefault.jpg', 'width': 480, 'height': 360}, 'standard': {'url': 'https://i.ytimg.com/vi/z8etqbTEQ44/sddefault.jpg', 'width': 640, 'height': 480}, 'maxres': {'url': 'https://i.ytimg.com/vi/z8etqbTEQ44/maxresdefault.jpg', 'width': 1280, 'height': 720}}"
QUIZ GLORIOSO #2,7B7Tf0P_8Uk,"Botafogo TV, Camisa 7 e Botafogo Store se uniram para realizar o Quiz Glorioso. O jogo de perguntas e respostas testou o conhecimento dos sÃ³cios com questionamentos sobre histÃ³ria e atualidade do Alvinegro.

O vencedor ganhou um crÃ©dito de R$300 na Botafogo Store. 

Quer participar do quadro? Fique ligado no site do Camisa 7.

ApresentaÃ§Ã£o: Amanda Oliveira
ProduÃ§Ã£o: Yasmin Costa e Amanda Oliveira
EdiÃ§Ã£o: Diego Pereira
CoordenaÃ§Ã£o: Fernando Morani

Acompanhe o #Botafogo em todas as redes oficiais do clube.

Site - http://botafogo.com.br/â€‹â€‹â€‹â€‹â€‹â€‹â€‹â€‹â€‹â€‹â€‹â€‹
SÃ³cio torcedor - https://camisa7.botafogo.com.br/
Instagram -  https://www.instagram.com/botafogo/â€‹â€‹ 
Twitter -  https://twitter.com/botafogoâ€‹â€‹â€‹â€‹â€‹â€‹â€‹â€‹â€‹â€‹â€‹â€‹
Facebook -  https://www.facebook.com/botafogoâ€‹â€‹â€‹â€‹
Tiktok - https://www.tiktok.com/@botafogoâ€‹â€‹â€‹â€‹â€‹
Botafogo Store - https://store.botafogo.com.br

Futebol Feminino - 
https://www.instagram.com/botafogofemino 
https://twitter.com/botafogofem

Inscreva-se na #BotafogoTV",2024-06-09T15:00:06Z,2024-06-18 18:24:50.720040,4163,19,"{'default': {'url': 'https://i.ytimg.com/vi/7B7Tf0P_8Uk/default.jpg', 'width': 120, 'height': 90}, 'medium': {'url': 'https://i.ytimg.com/vi/7B7Tf0P_8Uk/mqdefault.jpg', 'width': 320, 'height': 180}, 'high': {'url': 'https://i.ytimg.com/vi/7B7Tf0P_8Uk/hqdefault.jpg', 'width': 480, 'height': 360}, 'standard': {'url': 'https://i.ytimg.com/vi/7B7Tf0P_8Uk/sddefault.jpg', 'width': 640, 'height': 480}, 'maxres': {'url': 'https://i.ytimg.com/vi/7B7Tf0P_8Uk/maxresdefault.jpg', 'width': 1280, 'height': 720}}"
Passaporte Glorioso | Camisa 7 na ColÃ´mbia,WPGywUuCGQs,"No Ãºltimo jogo do Botafogo pela fase de grupos da Conmebol Libertadores, contra o Junior Barranquilla, quatro sÃ³cios Camisa 7 resgataram a experiÃªncia Passaporte Glorioso e puderam viajar com o clube para ColÃ´mbia, conhecer Cartagena e Barranquilla, e assistir a partida no EstÃ¡dio Metropolitano. 

Veja como foi o dia a dia dos sÃ³cios-torcedores em terras colombianas e o que eles acharam da experiÃªncia.  

Imagens: Sandro Marinho â€œJamalâ€ 
EdiÃ§Ã£o: Romulo Miranda


Acompanhe o #Camisa7 em todas as redes oficiais e viva de perto o Maior Amor do Mundo. 

Camisa 7 - https://camisa7.botafogo.com.br/

Instagram - https://www.instagram.com/camisa7/
   
Twitter - https://twitter.com/Camisa7Botafogo
â€‹â€‹â€‹â€‹â€‹â€‹â€‹â€‹â€‹â€‹â€‹â€‹  
Facebook - https://www.facebook.com/camisa7bfr/",2024-06-08T19:00:11Z,2024-06-18 18:24:50.720040,5301,31,"{'default': {'url': 'https://i.ytimg.com/vi/WPGywUuCGQs/default.jpg', 'width': 120, 'height': 90}, 'medium': {'url': 'https://i.ytimg.com/vi/WPGywUuCGQs/mqdefault.jpg', 'width': 320, 'height': 180}, 'high': {'url': 'https://i.ytimg.com/vi/WPGywUuCGQs/hqdefault.jpg', 'width': 480, 'height': 360}, 'standard': {'url': 'https://i.ytimg.com/vi/WPGywUuCGQs/sddefault.jpg', 'width': 640, 'height': 480}, 'maxres': {'url': 'https://i.ytimg.com/vi/WPGywUuCGQs/maxresdefault.jpg', 'width': 1280, 'height': 720}}"
"Foco no clÃ¡ssico com o #Fluminense, nesta terÃ§a, no NiltÃ£o! Pra cima, Glorioso! ğŸ’ªğŸ½âš½ï¸ğŸ”¥ #Botafogo",snJFB9j1iCw,,2024-06-08T16:17:14Z,2024-06-18 18:24:50.720040,9136,28,"{'default': {'url': 'https://i.ytimg.com/vi/snJFB9j1iCw/default.jpg', 'width': 120, 'height': 90}, 'medium': {'url': 'https://i.ytimg.com/vi/snJFB9j1iCw/mqdefault.jpg', 'width': 320, 'height': 180}, 'high': {'url': 'https://i.ytimg.com/vi/snJFB9j1iCw/hqdefault.jpg', 'width': 480, 'height': 360}, 'standard': {'url': 'https://i.ytimg.com/vi/snJFB9j1iCw/sddefault.jpg', 'width': 640, 'height': 480}, 'maxres': {'url': 'https://i.ytimg.com/vi/snJFB9j1iCw/maxresdefault.jpg', 'width': 1280, 'height': 720}}"
Sei o quÃ£o difÃ­cil era e o quÃ£o duro foi aquela Ã©poca,NPv48W7gy50,"Acompanhe o #Glorioso em todas as redes oficiais do clube.

Site - http://botafogo.com.br/â€‹â€‹â€‹â€‹â€‹â€‹â€‹â€‹â€‹â€‹â€‹â€‹
SÃ³cio torcedor - https://camisa7.botafogo.com.br/
Instagram -  https://www.instagram.com/botafogo/â€‹â€‹ 
Twitter -  https://twitter.com/botafogoâ€‹â€‹â€‹â€‹â€‹â€‹â€‹â€‹â€‹â€‹â€‹â€‹
Facebook -  https://www.facebook.com/botafogoâ€‹â€‹â€‹â€‹
Tiktok - https://www.tiktok.com/@botafogoâ€‹â€‹â€‹â€‹â€‹
Futebol Feminino - 
https://www.instagram.com/botafogofeminino 
https://twitter.com/botafogofem
Botafogo Store - https://store.botafogo.com.br

Inscreva-se na #BotafogoTV",2024-06-07T13:00:22Z,2024-06-18 18:24:50.720040,2811,23,"{'default': {'url': 'https://i.ytimg.com/vi/NPv48W7gy50/default.jpg', 'width': 120, 'height': 90}, 'medium': {'url': 'https://i.ytimg.com/vi/NPv48W7gy50/mqdefault.jpg', 'width': 320, 'height': 180}, 'high': {'url': 'https://i.ytimg.com/vi/NPv48W7gy50/hqdefault.jpg', 'width': 480, 'height': 360}, 'standard': {'url': 'https://i.ytimg.com/vi/NPv48W7gy50/sddefault.jpg', 'width': 640, 'height': 480}, 'maxres': {'url': 'https://i.ytimg.com/vi/NPv48W7gy50/maxresdefault.jpg', 'width': 1280, 'height': 720}}"
